0,0,0
6.35794E-11,4.80E-05,0
1.58353E-10,-2.94E-05,0
8.5647E-11,-8.06E-05,0
-6.68755E-10,1.37E-05,0
-1.05002E-09,2.64E-05,0
-1.23396E-08,-4.05E-05,0
-1.9287E-07,-1.51E-04,7.66E-05
-5.55867E-08,-2.03E-04,0.00E+00
4.07013E-07,-1.22E-04,-1.82E-04
-6.02122E-08,-1.41E-04,2.43E-05
-3.97772E-06,-2.56E-04,2.51E-03
9.81319E-07,-3.75E-04,-1.07E-03
1.02174E-06,-4.57E-04,1.73E-03
1.0699E-05,-3.63E-04,-0.002785373
7.44658E-06,-3.06E-04,-0.000870977
-2.46823E-07,-5.91E-04,0.004951313
2.69079E-05,-7.16E-04,-0.007776131
7.46182E-06,-6.16E-04,0.002842657
-6.42451E-06,-6.26E-04,0.00991696
2.55586E-05,-7.75E-04,-0.00522784
3.94048E-05,-9.05E-04,-0.010587
7.38747E-06,-9.68E-04,0.006786933
4.52238E-06,-1.06E-03,0.008802467
2.84843E-05,-1.07E-03,-0.003744524
3.05047E-05,-1.09E-03,-0.003423512
2.64944E-05,-1.30E-03,-8.64633E-05
1.85426E-05,-1.44E-03,0.004251444
2.24315E-05,-1.46E-03,0.00369152
3.93744E-05,-1.43E-03,-0.004176246
3.96782E-05,-1.49E-03,-0.004228008
2.94473E-05,-1.74E-03,0.001499228
2.66771E-05,-1.87E-03,0.002423393
3.15443E-05,-1.82E-03,-0.000194565
4.48289E-05,-1.80E-03,-0.007029939
4.13481E-05,-1.90E-03,-0.006080162
2.94796E-05,-2.15E-03,-7.98267E-05
3.05834E-05,-2.26E-03,-0.000862569
3.81657E-05,-2.13E-03,-0.003844607
5.72662E-05,-2.14E-03,-0.014572455
3.56824E-05,-2.33E-03,-0.004460857
1.66384E-05,-0.002479942,0.004026861
5.32932E-05,-2.55E-03,-0.016044764
5.68907E-05,-2.47E-03,-0.018749188
3.22739E-05,-0.002437023,-0.007718833
3.80725E-05,-0.002572016,-0.010343664
4.56187E-05,-2.81E-03,-0.01513485
4.26669E-05,-2.85E-03,-0.014642659
4.60025E-05,-0.002618545,-0.017950998
5.33851E-05,-0.002621426,-0.022681011
4.32052E-05,-0.002912238,-0.017620484
4.26763E-05,-0.003051156,-0.018310286
5.13927E-05,-0.002910724,-0.02438628
5.40446E-05,-0.002724908,-0.027065789
5.05128E-05,-0.002858615,-0.026286179
4.96226E-05,-0.003123291,-0.027069635
4.45991E-05,-0.00308476,-0.026014065
5.2969E-05,-0.002914063,-0.031850843
5.94859E-05,-0.002860129,-0.036130511
5.16161E-05,-0.002990746,-0.03379885
4.66324E-05,-0.003145894,-0.03245102
5.29001E-05,-0.003055608,-0.036876323
6.06733E-05,-0.002900009,-0.042444687
5.71904E-05,-0.002902238,-0.041420342
5.23733E-05,-0.003008625,-0.040244988
5.33107E-05,-0.003083422,-0.042505705
5.66833E-05,-0.002949589,-0.045226935
6.61787E-05,-0.002826725,-0.052419244
5.70798E-05,-0.00289561,-0.047872269
5.73151E-05,-0.00291993,-0.04963147
5.95206E-05,-0.002881238,-0.052082957
6.30816E-05,-0.002849986,-0.054267264
7.10686E-05,-0.002745962,-0.059702216
6.06102E-05,-0.002721236,-0.055080647
5.70011E-05,-0.002755789,-0.05403286
7.09113E-05,-0.002733763,-0.062587263
7.61146E-05,-0.002646861,-0.066105133
6.44283E-05,-0.00257506,-0.06111702
6.66323E-05,-0.002580009,-0.063275667
7.08587E-05,-0.002518191,-0.065197301
7.33132E-05,-0.002483612,-0.067380241
7.37073E-05,-0.002501654,-0.068130342
7.46952E-05,-0.002396232,-0.069533406
7.62575E-05,-0.002271345,-0.071272558
7.58601E-05,-0.002292477,-0.070387132
7.9565E-05,-0.002338822,-0.072616146
8.20789E-05,-0.002277495,-0.074341072
8.29672E-05,-0.002111057,-0.075069535
7.86819E-05,-0.002033905,-0.072985224
8.37702E-05,-0.002116293,-0.075019871
9.32179E-05,-0.002137066,-0.079972493
9.07447E-05,-0.002019646,-0.078764692
8.38807E-05,-0.001861952,-0.075065064
8.64063E-05,-0.001825064,-0.075701158
0.000103752,-0.001952679,-0.08461883
9.90728E-05,-0.001941628,-0.081494071
8.93584E-05,-0.001736942,-0.076296852
9.65143E-05,-0.001656514,-0.079313573
0.000107943,-0.001708593,-0.084826811
0.00010677,-0.00175851,-0.082896865
0.000105468,-0.001705381,-0.08163292
0.000106326,-0.00157199,-0.081793934
0.000103627,-0.001508149,-0.078176751
0.000118466,-0.001540861,-0.085815686
0.00012171,-0.00161548,-0.086147333
0.000115161,-0.001570605,-0.081696133
0.00011009,-0.001392924,-0.078665776
0.000121977,-0.001377806,-0.082317569
0.000139262,-0.001482406,-0.09018753
0.000124539,-0.001490489,-0.081686413
0.000119076,-0.001420135,-0.077319834
0.000132515,-0.001316735,-0.08329492
0.000142418,-0.00132653,-0.086236054
0.000143815,-0.001410215,-0.085361462
0.000131271,-0.001402119,-0.077920288
0.000137714,-0.001348787,-0.079450255
0.000152726,-0.001296474,-0.085362772
0.000152958,-0.001304143,-0.083434207
0.000153859,-0.0013535,-0.082195757
0.000147942,-0.001374674,-0.077805882
0.000155996,-0.001363297,-0.079884026
0.000169901,-0.001306487,-0.084824592
0.000166435,-0.001270678,-0.081003701
0.00016957,-0.001354139,-0.080814297
0.000166201,-0.001446494,-0.076883677
0.000175852,-0.001396083,-0.079592979
0.00018976,-0.001276971,-0.083988261
0.000182238,-0.001308076,-0.077568281
0.000188304,-0.00145748,-0.078710712
0.000189751,-0.001498373,-0.07657599
0.000198015,-0.001412637,-0.078303697
0.000212062,-0.001325749,-0.08236815
0.000205505,-0.001379547,-0.076476296
0.000207119,-0.00156662,-0.074707596
2.20E-04,-0.001591139,-0.077954668
0.000226032,-0.001412967,-0.078136539
0.000230753,-0.001377597,-0.077296339
0.000232286,-0.001544333,-0.074981704
0.000240236,-0.001682662,-0.076503911
0.000249098,-0.001599066,-0.076928023
0.000250453,-0.001463185,-0.074249402
0.000263348,-0.00151591,-0.077424193
0.000269437,-0.001668973,-0.076290101
0.000268685,-0.001743973,-0.072908338
0.000282703,-0.001640711,-0.075801623
0.000293053,-0.001535258,-0.076830162
0.000298611,-0.00163574,-0.075919343
0.000307488,-0.001786719,-0.075638158
0.000310995,-0.001785965,-0.073620838
0.000324005,-0.001652712,-0.075437033
0.000340174,-0.001622689,-0.078691883
0.000341959,-0.001779573,-0.075330481
0.000353686,-0.001834737,-0.075781675
0.000365745,-0.001759179,-0.076951778
0.000374797,-0.001714443,-0.076408929
0.00039061,-0.001731387,-0.078216685
0.000402434,-0.001826134,-0.078786717
0.000415527,-0.001827378,-0.079602913
0.000420058,-0.001751415,-0.07524421
0.000439985,-0.001770973,-0.079564377
0.00046563,-0.001802067,-0.085245613
0.000468486,-0.001793971,-0.080053915
0.000478892,-0.001769155,-0.078457887
0.000504681,-0.001776107,-0.083481075
0.000523319,-0.001822179,-0.085720235
0.000538089,-0.001752035,-0.084844536
0.000554918,-0.001697396,-0.085253091
0.00057265,-0.001767998,-0.085978419
0.000596596,-0.001782635,-0.088566191
0.00061871,-0.001740705,-0.090958617
0.000638052,-0.001664485,-0.091247716
0.000658228,-0.001623334,-0.091370877
0.000680547,-0.001716321,-0.093049906
0.00071086,-0.001724866,-0.097391798
0.000734696,-0.001609832,-0.098570581
0.000754302,-0.0015454,-0.097456756
0.000786181,-0.001529427,-0.10143074
0.000815171,-0.001609942,-0.10430125
0.000842413,-0.001617208,-0.10554955
0.000872981,-0.001448523,-0.10763897
0.00090121,-0.001368107,-0.1087679
0.000939535,-0.001409034,-0.11382405
0.000973009,-0.001488271,-0.11643005
0.000999489,-0.001439934,-0.11528347
0.001038704,-0.001225773,-0.11909912
0.00108289,-0.001176842,-0.12544532
0.001121761,-0.001285396,-0.12869046
0.001151143,-0.001298277,-0.12653597
0.001188806,-0.00118438,-0.12773847
0.001249238,-0.001007512,-0.1397729
0.001291827,-0.000974261,-0.14228389
0.001321621,-0.001094574,-0.13808925
0.001369745,-0.001074163,-0.14243339
0.0014279,-0.000900436,-0.15051399
0.001482887,-0.00075018,-0.15637303
0.001525684,-0.00076908,-0.15597366
0.00157165,-0.000868027,-0.15648919
0.001630798,-0.000782336,-0.16233733
0.001697143,-0.000604824,-0.17095934
0.001755617,-0.000504089,-0.17502768
0.001804126,-0.000509519,-0.17351283
0.001862011,-0.000593323,-0.17614
0.00193762,-0.000503976,-0.18622861
0.002009221,-0.000279446,-0.19324613
0.002067047,-0.000208147,-0.19269237
0.002128699,-0.000263724,-0.19357658
0.002206066,-0.000305119,-0.20132724
0.002290504,-0.000160948,-0.2110814
0.002361904,5.74839E-05,-0.21326821
0.002428385,6.38173E-05,-0.21286055
0.002510708,5.80169E-06,-0.21872811
0.002602615,4.35791E-05,-0.22848289
0.002686803,0.000183803,-0.23317278
0.002764547,0.000369937,-0.23300794
0.002854957,0.000367485,-0.23933576
0.002950975,0.000297636,-0.24645378
0.00304386,0.000402375,-0.25075951
0.0031388,0.000550507,-0.25519195
0.003238928,0.000661229,-0.2606907
0.003338672,0.000676008,-0.26506607
0.003439764,0.000649038,-0.26912332
0.003551841,0.000754189,-0.27700876
0.003659789,0.000885449,-0.28148148
0.00376539,0.000976461,-0.28392903
0.003882907,0.001016577,-0.29080953
0.003999533,0.000990342,-0.29611364
0.004116517,0.00109305,-0.30010334
0.004242519,0.001239625,-0.30654295
0.004363475,0.001288801,-0.31055969
0.00448973,0.001348523,-0.3148151
0.004620445,0.001363331,-0.32012984
0.004752261,0.001412343,-0.32501754
0.004893714,0.001560824,-0.33239108
0.005025107,0.001645646,-0.33393584
0.005160048,0.001684786,-0.33606715
0.005314839,0.001703091,-0.34581187
0.005461459,0.001729355,-0.35097609
0.005603623,0.001886993,-0.35199847
0.005752891,0.002016506,-0.35460955
0.005910674,0.002013059,-0.36078572
0.006073923,0.001997668,-0.36812345
0.006230829,0.002051606,-0.37038665
0.006383424,0.00223846,-0.36936892
0.006553654,0.002368945,-0.37538053
0.00672762,0.002300712,-0.38211689
0.006893441,0.002269338,-0.38378276
0.007064784,0.00240368,-0.3857277
0.007234487,0.002584058,-0.38581081
0.007419439,0.002652199,-0.39164264
0.007605658,0.002575493,-0.39702937
0.007778895,0.002559951,-0.39507787
0.00796255,0.002723709,-0.39592387
0.008153372,0.002901609,-0.39921058
0.008343942,0.002917338,-0.40122615
0.008538846,0.00281095,-0.40372129
0.008726217,0.002832536,-0.40219177
0.00892014,0.003046262,-0.40117483
0.009123979,0.003174358,-0.40414795
0.009324233,0.003105381,-0.40439761
0.009525674,0.003045096,-0.40410732
0.009725715,0.003122054,-0.40158945
0.0099283,0.0032871,-0.39926345
0.010143428,0.003374717,-0.40132126
0.010350633,0.0033025,-0.39940244
0.01055585,0.003244423,-0.39527932
0.010768722,0.003344202,-0.39300729
0.010979983,0.003485008,-0.38955508
0.011197135,0.003523981,-0.38799693
0.011413221,0.00345459,-0.38561595
0.011620958,0.003402997,-0.37790545
0.011838575,0.003499383,-0.37396028
0.012059582,0.003616587,-0.37120053
0.01227484,0.003623041,-0.36460982
0.012495307,0.00355626,-0.36032132
0.01270992,0.003495657,-0.35242825
0.012921196,0.00356496,-0.34322197
0.013149076,0.00369581,-0.34074768
0.013370204,0.003675341,-0.33454087
0.013575919,0.003551685,-0.32098637
0.013793311,0.003504509,-0.31260793
0.014015831,0.003584068,-0.30748606
0.01423304,0.003686312,-0.2990864
0.014442815,0.003633398,-0.28598484
0.014648518,0.003462768,-0.27244562
0.014869385,0.00341524,-0.26608692
0.015085755,0.003539099,-0.25775167
0.015283004,0.003593924,-0.24071721
0.015487032,0.0034501,-0.22691755
0.015698824,0.003278653,-0.21722171
0.0159026,0.003274304,-0.20524686
0.01610212,0.003382196,-0.1909661
0.016292079,0.003361615,-0.17356494
0.016486703,0.003154363,-0.15839152
0.016685242,0.003013823,-0.14726456
0.016873949,0.00304093,-0.13201829
0.017052613,0.003081286,-0.112796
0.01722752,0.002993731,-0.093832147
0.01741171,0.00277213,-0.080189542
0.01759207,0.002643841,-0.065699422
0.017750875,0.002676129,-0.044031829
0.017912179,0.002646712,-0.023628962
0.018074294,0.002493944,-0.006213308
0.018233556,0.002285368,0.010541835
0.018384979,0.002157936,0.030103271
0.018517454,0.002162929,0.054419911
0.018658081,0.002083203,0.073745452
0.018798564,0.001869088,0.091431682
0.018919879,0.001670557,0.11515736
0.019041451,0.001560944,0.13651946
0.019153776,0.001509258,0.15873543
0.019260484,0.001354902,0.18133869
0.019367042,0.001128821,0.20180803
0.019453442,0.000962535,0.22815688
0.01954242,0.000811914,0.24977411
0.019628351,0.000680252,0.27019065
0.019689425,0.000522374,0.29877225
0.019754519,0.000293795,0.3225063
0.019817358,9.94997E-05,0.34316468
0.019862521,-8.6021E-05,0.36827765
0.019901618,-0.000265673,0.39344489
0.019928586,-0.000423286,0.41956596
0.019950151,-0.000656517,0.4447219
0.019973974,-0.000902432,0.46492025
0.01997794,-0.001120657,0.49006388
0.019962487,-0.001316322,0.52020323
0.01995015,-0.001467548,0.54407418
0.019935965,-0.00172659,0.56487112
0.019904273,-0.002051167,0.58962458
0.019858283,-0.002260164,0.61630078
0.019801621,-0.002425479,0.6427914
0.019739308,-0.002636004,0.66697677
0.019679816,-0.00292914,0.68600036
0.019597931,-0.003268146,0.71099046
0.019493248,-0.003484438,0.74045408
0.019393856,-0.003626845,0.76253689
0.019287946,-0.003883399,0.78231469
0.019168247,-0.00423659,0.80444439
0.019032085,-0.004553453,0.82982265
0.018880565,-0.004745902,0.85508533
0.018732762,-0.004909946,0.8732613
0.0185756,-0.005209894,0.89177205
0.018396583,-0.005584421,0.91558737
0.018210023,-0.005871083,0.93689318
0.01801325,-0.006045493,0.95625267
0.017808014,-0.006241909,0.97428977
0.017597905,-0.006574763,0.9903243
0.01736942,-0.006942855,1.0100858
0.017127463,-0.007195582,1.0289846
0.016883196,-0.007357999,1.042645
0.016627529,-0.007582265,1.0567097
0.01636063,-0.007933688,1.07135
0.016085094,-0.008281414,1.0854529
0.015793646,-0.008489836,1.0988042
0.015500546,-0.008637791,1.1075722
0.015195136,-0.008899902,1.1174628
0.014877971,-0.00925098,1.1283145
0.01455855,-0.009542923,1.1345407
0.014224245,-0.009710626,1.1411736
0.013876232,-0.009864609,1.1481241
0.01353425,-0.010140272,1.1496959
0.013178165,-0.010467259,1.1519465
0.01280714,-0.010686801,1.154586
0.012436494,-0.010818762,1.1537629
0.012052597,-0.01099516,1.1526116
0.011668056,-0.011256083,1.1483642
0.011282223,-0.011513084,1.1407452
0.010873377,-0.01167343,1.1373085
0.010461382,-0.011791046,1.1320637
0.010059148,-0.01196724,1.1184389
0.009645288,-0.012177835,1.105188
0.009218673,-0.012344358,1.0947375
0.008789071,-0.012472657,1.0821907
0.008359912,-0.012592952,1.0660233
0.007931362,-0.01270416,1.0452249
0.007501158,-0.012827967,1.023616
0.00705569,-0.012961838,1.0059391
0.006606,-0.013052521,0.98608442
0.006174377,-0.01310966,0.95735343
0.005737392,-0.013160719,0.92731102
0.005289995,-0.013209373,0.90196058
0.004845028,-0.013286711,0.87391672
0.004401342,-0.013344524,0.84185482
0.00396661,-0.013318074,0.80524722
0.00353586,-0.01327059,0.76754253
0.003096439,-0.013270192,0.73269417
0.002659424,-0.013297315,0.69539873
0.0022362,-0.01327902,0.65208533
0.001818534,-0.013154998,0.60680162
0.001405683,-0.013013489,0.56146839
0.000992338,-0.012963054,0.5163255
0.000583724,-0.012943503,4.69E-01
0.000194132,-0.01281505,0.4158312
-0.000190435,-0.012563668,0.36262072
-0.000568369,-0.012360212,0.30806812
-0.000934887,-0.012275962,0.25050915
-0.001301607,-0.012159323,0.19549436
-0.001645399,-0.011892324,0.13588866
-0.001968164,-0.01154305,0.069394365
-0.002290138,-0.01129538,0.00645158
-0.002605847,-0.011155666,-0.056661267
-0.002902081,-0.010906177,-0.12243918
-0.003177554,-0.010493097,-0.19124164
-0.003429193,-0.010095833,-0.26530515
-0.003676068,-0.009807157,-0.33738186
-0.00391832,-0.009546297,-0.40552202
-0.004129299,-0.009168135,-0.47944511
-0.004311374,-0.008659668,-0.55850632
-0.004478744,-0.008206746,-0.63726011
-0.004636442,-0.007857623,-0.71435093
-0.004776661,-0.007463249,-0.79011101
-0.004888382,-0.006960607,-0.86976828
-0.004965173,-0.006410539,-0.95501815
-0.005025023,-0.005885183,-1.0393878
-0.005076666,-0.00542468,-1.1179649
-0.005103665,-0.004942319,-1.1982685
-0.005092102,-0.004359256,-1.2841264
-0.00504911,-0.003735553,-1.372252
-0.004992147,-0.003144113,-1.4567828
-0.004919797,-0.002585039,-1.5375475
-0.004814256,-0.002025297,-1.6215407
-0.004671182,-0.00139598,-1.7097911
-0.004498172,-0.000686847,-1.7977073
-0.004308816,-9.89889E-06,-1.8811669
-0.004102184,0.000581636,-1.9614552
-0.003855363,0.001191021,-2.0465099
-0.003566943,0.001907959,-2.1351851
-0.003260338,2.67E-03,-2.2177651
-0.002931898,0.003384216,-2.2968024
-0.00257616,0.004010164,-2.3767793
-0.002182203,0.00465803,-2.4591902
-0.001755374,0.005427361,-2.5400392
-0.001304164,0.006240258,-2.6160411
-0.000831533,0.006944385,-2.6888869
-0.000330053,0.007571254,-2.7632143
0.000213352,0.008270735,-2.8391171
0.000781034,0.009072353,-2.909069
0.001367212,0.009868829,-2.9730598
0.001985898,0.010546,-3.0386352
0.002634437,0.011171342,-3.1054755
0.003308513,0.011895026,-3.1661234
0.004010264,0.012687713,-3.2216075
0.004739653,0.013429129,-3.2762778
0.005487903,0.014063712,-3.3294584
0.006266311,0.014685798,-3.380369
0.007061946,0.015387999,-3.4239443
0.007882083,0.01610721,-3.4636469
0.008732417,0.016769555,-3.5042708
0.009605202,0.017378064,-3.540603
0.010484621,0.017946747,-3.5705839
0.011389333,0.018558316,-3.5962013
0.012321571,0.019201121,-3.619409
0.013268311,0.019783649,-3.6405756
0.014228805,0.020306431,-3.6541927
0.015201981,0.020781897,-3.6631768
0.016198462,0.02127684,-3.6712937
0.017201696,0.021822123,-3.6717949
0.018218904,0.022305158,-3.6682194
0.019247572,0.022688368,-3.661013
0.020277003,0.023035282,-3.6469942
0.021329225,0.023405289,-3.6323439
0.02238199,0.023821673,-3.6100292
0.023434806,0.024175973,-3.5791308
0.024498763,0.024389272,-3.5504949
0.02556713,0.024572001,-3.5166372
0.026635146,0.024819983,-3.4735147
0.027695769,0.025084865,-3.4263919
0.028761783,0.025251947,-3.3746611
0.029830826,0.025290423,-3.3224199
0.030893259,0.025302797,-3.2637783
0.031936243,0.025385683,-3.1942054
0.03298336,0.025493878,-3.1236194
0.034020875,0.025455588,-3.0520381
0.035051813,0.025270485,-2.9742154
0.036063583,0.025121639,-2.8893443
0.0370543,0.025049909,-2.7982117
0.038047099,0.024947581,-2.7065625
0.03901807,0.024681027,-2.6124036
0.039966157,0.024288407,-2.5096595
0.040896613,0.02397538,-2.4019954
0.041802726,0.023735235,-2.2932283
0.042689908,0.023394779,-2.1803739
0.043554776,0.022889861,-2.0620946
0.044394212,0.022317032,-1.9388169
0.045207042,0.021840472,-1.8133524
0.04598477,0.021403299,-1.6857433
0.046738382,0.020808886,-1.5505773
0.047460727,0.020090674,-1.4132133
0.04815694,0.019370346,-1.2738938
0.048811901,0.018714567,-1.1320657
0.049431571,0.01804878,-0.9846742
0.050013307,0.017247458,-0.83343279
0.05057034,0.016339385,-0.68011174
0.05108631,0.015475112,-0.52942254
0.051558475,0.014636742,-0.37288363
0.051980442,0.013764692,-0.21153646
0.052373068,0.012785659,-0.049818991
0.052733185,0.011734168,0.10918471
0.053044501,0.010713235,0.27144741
0.053300034,0.009724277,0.43797052
0.053517489,0.008671865,0.60461432
0.053697434,0.007554953,0.7689443
0.053833002,0.006395966,0.9337833
0.0539199,0.005245872,1.0982284
0.053954347,0.004118397,1.2656746
0.053945484,0.00295842,1.4300729
0.053897557,0.001732873,1.5920713
0.053801538,0.000507536,1.7523421
0.05365755,-0.000741893,1.9130248
0.053466821,-0.001960149,2.0698621
0.053226147,-0.003165964,2.2249428
0.052942959,-0.004435645,2.3771727
0.052618759,-0.005731676,2.5241604
0.052243183,-0.007009554,2.6679176
0.051820799,-0.008249238,2.8070502
0.051349943,-0.009471964,2.9435083
0.05083997,-0.010725819,3.0746136
0.050293756,-0.012038087,3.1998056
0.04969995,-0.013315904,3.3208457
0.049052812,-0.014502839,3.4372279
0.048364829,-0.015663886,3.5475831
0.047643154,-0.016896519,3.6516934
0.046888366,-0.018176246,3.7475274
0.046083556,-0.019367783,3.837746
0.045237829,-0.02042434,3.9224091
0.044355899,-0.021510591,3.9995131
0.04345765,-0.022685967,4.0675211
0.042517681,-0.023850413,4.1298052
0.041531373,-0.024868508,4.1845699
0.040516415,-0.025777767,4.2317739
0.039477863,-0.026765007,4.2710595
0.038420394,-0.027829092,4.3020612
0.037325463,-0.028787374,4.3256572
0.03620408,-0.029578418,4.3400686
0.035064365,-0.030347873,4.3453097
0.033906701,-0.03119415,4.3427958
0.032736735,-0.032032599,4.3307241
0.031541631,-0.032731128,4.3098175
0.030325449,-0.03330734,4.2802875
0.029113047,-0.033890146,4.2410014
0.027886082,-0.034515074,4.1934123
0.026652216,-0.035071987,4.1376898
0.025402051,-0.035501108,4.0714899
0.024155831,-0.035843834,3.9966062
0.022903777,-0.036191583,3.912684
0.021664524,-0.036534882,3.8204452
0.020422205,-0.036786276,3.7194415
0.01918756,-0.036926285,3.6080687
0.017970397,-0.037011597,3.4859191
0.016755383,-0.037063954,3.3557404
0.015556828,-0.037074651,3.2204448
0.014374585,-0.037023385,3.0738927
0.013218805,-0.036878991,2.91764
0.0120774,-0.036648427,2.7523783
0.010969189,-0.036371092,2.5821966
0.009882235,-0.036062283,2.403612
0.008823358,-0.035701957,2.2137599
0.007803028,-0.035242834,2.0155216
0.006812327,-0.034668378,1.8111416
0.005857744,-0.034053648,1.6008521
0.004940047,-0.033445438,1.3812063
0.004076623,-0.032783628,1.1547167
0.003255635,-0.031973364,0.91952569
0.002478007,-0.031054919,0.67910958
0.001747776,-0.030143293,0.43286228
0.001073144,-0.029250674,0.17765165
0.000450876,-0.028252939,-0.084921488
-0.000116766,-0.027093659,-0.35075848
-0.000625819,-0.02587872,-0.62218481
-0.001072474,-0.024716844,-0.8987462
-0.001457814,-0.023532446,-1.181818
-0.001777706,-0.022211599,-1.4676111
-0.002036242,-0.02076022,-1.7566177
-0.002223939,-0.019314357,-2.0509747
-0.002338956,-0.017915051,-2.3499318
-0.002389585,-0.016449688,-2.6486713
-0.002370389,-0.014853982,-2.9477569
-0.002272966,-0.013204061,-3.2502201
-0.002100123,-0.011570837,-3.5565269
-0.001856696,-0.009947193,-3.8624394
-0.001541762,-0.008265264,-4.1658699
-0.001147752,-0.00649434,-4.4691908
-0.000665754,-0.004690903,-4.7760045
-0.000109028,-0.002909486,-5.0802196
0.000512745,-0.001132124,-5.3780541
0.001217845,0.000685054,-5.6752481
0.002005762,0.002541862,-5.9698347
0.002873932,0.004436091,-6.2614183
0.003814436,0.006304021,-6.5485585
0.004824367,0.00813952,-6.830478
0.005914977,0.009997986,-7.1084633
0.007079251,0.011874204,-7.3798097
0.008327963,0.013783956,-7.6459969
0.009637038,0.015647773,-7.9023944
0.01101314,0.017443016,-8.1530905
0.01245913,0.019234363,-8.395652
0.01398025,0.021069374,-8.6275661
0.015557977,0.022881838,-8.8482421
0.017204825,0.024634051,-9.0618529
0.018914011,0.026303691,-9.2681148
0.02067839,0.027957293,-9.4628933
0.022494321,0.029646451,-9.6415325
0.02437228,0.0312963,-9.811351
0.026298624,0.032825036,-9.9747242
0.028265717,0.034274786,-10.124915
0.0302602,0.035710175,-10.258763
0.032311944,0.03716653,-10.380155
0.034412556,0.038548698,-10.492128
0.036539765,0.039783304,-10.593835
0.038694104,0.04094569,-10.679016
0.040874204,0.042111257,-10.748267
0.043093602,0.043251302,-10.806921
0.045328284,0.044270177,-10.85355
0.047576013,0.045151817,-10.88654
0.049846511,0.045968391,-10.90457
0.052143697,0.046776781,-10.907336
0.054430466,0.047523852,-10.898025
0.056736007,0.048137542,-10.875592
0.059045065,0.048611569,-10.837721
0.061346337,0.049024212,-10.785634
0.063650431,0.049414384,-10.718749
0.065965671,0.049727619,-10.636752
0.068245157,0.049887304,-10.541365
0.070531612,0.049909648,-10.431381
0.072793441,0.049880582,-10.307728
0.075039893,0.049820216,-10.166343
0.077254444,0.049655574,-10.009882
0.079457982,0.049330704,-9.8407238
0.081631793,0.048879864,-9.6576645
0.083782305,0.048388047,-9.4571099
0.085876011,0.047867583,-9.2428148
0.087954243,0.047211761,-9.011641
0.089987985,0.0463987,-8.7708452
0.091979062,0.04549476,-8.5163665
0.093935215,0.044555144,-8.2410057
0.095833959,0.043567836,-7.9508736
0.097679851,0.042442171,-7.6508659
0.099483542,0.041165998,-7.3398581
0.10123105,0.039839874,-7.0137686
0.10290505,0.038502179,-6.6750534
0.10452712,0.037082609,-6.3271119
0.10608495,0.035541584,-5.9784001
0.1075817,0.033903674,-5.6269588
0.10899745,0.03226206,-5.2694903
0.11034209,0.030593612,-4.9013726
0.11162205,0.02883052,-4.5298608
0.11282744,0.026976804,-4.1588266
0.11396092,0.02507429,-3.7834509
0.11500106,0.023187244,-3.4112255
0.11596771,0.021258144,-3.0377947
0.11686017,0.019258095,-2.6662997
0.1176663,0.017211195,-2.2970658
0.11837964,0.015152526,-1.9287838
0.11900311,0.013072112,-1.5638139
0.11953388,0.010975298,-1.2082141
0.11998004,0.008840114,-0.85793455
0.12033026,0.006701456,-0.51524117
0.1205829,0.004556325,-0.18157242
0.12074229,0.002376314,0.14385882
0.12079946,0.000214024,0.4557299
0.12074891,-0.001955814,0.76083356
0.12060249,-0.004122899,1.0557589
0.12037217,-0.006306015,1.3405476
0.1200494,-0.008505097,1.6188388
0.11964495,-0.010646608,1.8863852
0.11916279,-0.012740398,2.1427417
0.11859899,-0.014852568,2.389895
0.11796021,-0.016975406,2.6265748
0.11723094,-0.019061135,2.8534845
0.11641765,-0.021063207,3.0646102
0.11554149,-0.023012758,3.2587124
0.11460351,-0.024993299,3.4444217
0.11360595,-0.026954265,3.6188614
0.11253226,-0.02881174,3.7789531
0.1113855,-0.030582059,3.9215087
0.11019937,-0.032334982,4.0492176
0.10896655,-0.034091654,4.1671768
0.1076844,-0.035762484,4.2734105
0.10635101,-0.037321574,4.3631977
0.10499303,-0.038806406,4.4351429
0.10361807,-0.040273565,4.4961148
0.10220906,-0.041690812,4.5460146
0.10076038,-0.042989319,4.5791714
0.099277569,-0.044198531,4.594276
0.097803633,-0.045340663,4.59544
0.096305075,-0.046436359,4.587905
0.09480032,-0.04742968,4.5673526
0.093279657,-0.048325345,4.5290414
0.091756367,-0.049149006,4.4737956
0.09025058,-0.049881131,4.4055592
0.088746394,-0.050515928,4.326387
0.087241611,-0.051070069,4.2328837
0.085764861,-0.051543187,4.1243084
0.084285718,-0.051921019,3.997898
0.082829107,-0.052176694,3.8574971
0.081400779,-0.052345157,3.7054021
0.080001701,-0.052450755,3.5389904
0.078644246,-0.052468445,3.3573605
0.077297192,-0.052354245,3.1578229
0.075991261,-0.052120796,2.9468511
0.074732351,-0.051828447,2.7240019
0.073523472,-0.051488475,2.4881788
0.07234404,-0.051024751,2.2345987
0.071209828,-0.050408866,1.9658928
0.070136889,-0.049715687,1.686322
0.069124932,-0.048992908,1.3971181
0.068157455,-0.048192,1.0935822
0.06723269,-0.047243188,0.77325479
0.066371926,-0.0461732,0.43936295
0.065584619,-0.04506602,0.097714391
0.064859496,-0.043927391,-0.25242379
0.064185224,-0.042682774,-0.6174612
0.063574597,-0.041296568,-0.99817892
0.063050835,-0.039832208,-1.3892724
0.062605926,-0.038346923,-1.7870839
0.062218794,-0.036812652,-2.1926557
0.061886014,-0.0351675,-2.6132505
0.061624234,-0.033421484,-3.0472163
0.061446054,-0.031644399,-3.4853449
0.061343946,-0.029830534,-3.9303374
0.061312438,-0.027959539,-4.3819331
0.061351251,-0.025994606,-4.8456323
0.061464414,-0.023978406,-5.3137015
0.061649832,-0.021924516,-5.786438
0.061896918,-0.019857371,-6.2568593
0.062214416,-0.017731316,-6.7335274
0.062614937,-0.015546592,-7.2183121
0.06309546,-0.013349507,-7.700173
0.063665498,-0.011100803,-8.1860096
0.064306184,-0.008854288,-8.667689
0.065011203,-0.006592213,-9.1515781
0.065780405,-0.004296927,-9.6379413
0.066616465,-0.001977022,-10.121392
0.067525873,0.0003518,-10.603405
0.068507754,0.002668582,-11.085277
0.069562267,0.004972202,-11.562374
0.070704178,0.007317261,-12.036363
0.071904466,0.009652689,-12.499814
0.073158652,0.011936602,-12.954587
0.074477636,0.014193637,-13.405393
0.075859188,0.016446921,-13.848306
0.0773013,0.018703949,-14.280773
0.078789151,0.020910581,-14.700441
0.080345313,0.02306168,-15.111427
0.081951726,0.02516183,-15.508574
0.083618919,0.027254398,-15.893238
0.085339765,0.029309629,-16.262588
0.087106473,0.031290925,-16.615567
0.088912134,0.033191585,-16.953746
0.09076663,0.035056053,-17.280482
0.092644127,0.036856744,-17.57947
0.094561945,0.038585655,-17.861853
0.096504575,0.040212722,-18.121395
0.098497714,0.041779093,-18.362225
0.10051773,0.043268206,-18.581676
0.10255482,0.044674918,-18.780068
0.10463083,0.045996759,-18.959317
0.10673709,0.047226068,-19.116781
0.10885648,0.048369334,-19.250373
0.1109931,0.049416857,-19.360831
0.11315111,0.050364394,-19.448685
0.11531568,0.051210427,-19.512265
0.11750723,0.051971896,-19.549994
0.1196907,0.052629044,-19.56262
0.12189478,0.053169915,-19.551509
0.12410533,0.053605087,-19.516148
0.12631467,0.053947837,-19.453483
0.1285194,0.054194965,-19.362442
0.13072753,0.054329653,-19.245539
0.13292399,0.054340088,-19.105816
0.13511577,0.054258474,-18.940906
0.13731731,0.054099106,-18.748721
0.13949628,0.053848151,-18.534156
0.14166859,0.053477174,-18.298268
0.14381249,0.052997479,-18.042453
0.14595812,0.052449115,-17.761158
0.14808376,0.051838218,-17.460097
0.15018831,0.051141971,-17.143917
0.15227362,0.050341216,-16.811853
0.15433367,0.049455899,-16.463935
0.1563778,0.048523133,-16.096759
0.15838412,0.047550298,-15.72108
0.16037136,0.04649413,-15.332743
0.1623051,0.045351032,-14.932868
0.16421767,0.044143298,-14.51804
0.16609445,0.042914443,-14.089563
0.16793044,0.04165423,-13.655538
0.16971391,0.040322866,-13.213984
0.17146609,0.038904772,-12.762509
0.17316225,0.037468186,-12.307897
0.17480582,0.036033867,-11.847689
0.17639568,0.034561543,-11.382847
0.17793166,0.033013607,-10.914182
0.17940529,0.031422445,-10.444932
0.18082291,0.029836075,-9.9765779
0.18216299,0.028263886,-9.5103951
0.18343926,0.026639152,-9.0395423
0.18464848,0.024964744,-8.5737042
0.18579135,0.023271455,-8.1112992
0.18684954,0.021603077,-7.6538845
0.18782462,0.019929478,-7.199247
0.1887223,0.018215365,-6.7482516
0.1895381,0.016473269,-6.3055526
0.19027729,0.014723301,-5.8666718
0.19094977,0.012997906,-5.4262653
0.19160536,0.011278227,-4.9793092
0.19220207,0.009555322,-4.5343216
0.19271956,0.007836084,-4.0981512
0.19315321,0.006112049,-3.6663832
0.19349526,0.004397914,-3.2409302
0.19375911,0.002692528,-2.8244225
0.19396158,0.00099077,-2.4135336
0.19409821,-0.000693528,-2.0106127
0.19416467,-0.002358714,-1.6189994
0.19416206,-0.003997937,-1.2377344
0.19409288,-0.005634769,-0.85933907
0.19396474,-0.007237502,-0.4881755
0.19378027,-0.008825632,-0.12383844
0.19353078,-0.010397859,0.22915768
0.19320512,-0.011946407,0.57165593
0.19280588,-0.013448437,0.90213549
0.19235267,-0.014921694,1.2200037
0.19185955,-0.016396417,1.5282757
0.19131402,-0.017838497,1.8274256
0.19070175,-0.019219753,2.1191174
0.19003948,-0.020539633,2.3956164
0.18932383,-0.021867132,2.6599955
0.18856262,-0.023181881,2.9100877
0.18773381,-0.024449221,3.1513492
0.18686547,-0.025622321,3.3775081
0.18597083,-0.02677162,3.5933927
0.18505985,-0.027915796,3.79899
0.18409817,-0.02902262,3.992892
0.18308112,-0.030047271,4.1715129
0.18204826,-0.031010551,4.3356409
0.18100329,-0.031968156,4.4913315
0.17994616,-0.032887866,4.6344596
0.17884925,-0.033732094,4.761948
0.17773293,-0.034500456,4.8725183
0.17660039,-0.0352412,4.970935
0.17545365,-0.03595471,5.055812
0.17428823,-0.03660389,5.1247031
0.17310611,-0.0371814,5.178068
0.17193101,-0.03770068,5.2163927
0.17074964,-0.03817806,5.241592
0.1695624,-0.038601232,5.2522073
0.16835847,-0.03896642,5.2452712
0.16715729,-0.039276257,5.2220869
0.16596093,-0.039524692,5.1854875
0.16476981,-0.0397057,5.1351552
0.16358346,-0.039838381,5.0690445
0.16240944,-0.039925742,4.9864862
0.16123692,-0.039945138,4.8875392
0.16007943,-0.039887927,4.7749382
0.15894091,-0.039776833,4.648531
0.15781116,-0.039624171,4.5053206
0.15670206,-0.039416954,4.3464718
0.15560845,-0.039136243,4.1732956
0.15453354,-0.038782973,3.9851861
0.1534946,-0.038379781,3.7828729
0.15249352,-0.037934798,3.5667816
0.1515133,-0.037427701,3.3354746
0.15055427,-0.0368435,3.0886505
0.14963352,-0.036200205,2.8281477
0.14875675,-0.035514499,2.5543887
0.14791848,-0.034781589,2.2680228
0.14711204,-0.033978417,1.9671885
0.14634466,-0.033104682,1.6507815
0.14562771,-0.03218602,1.3225742
0.144958,-0.031227414,0.98376134
0.14433212,-0.030217787,0.63327488
0.14374881,-0.02913697,0.26669273
0.14322542,-0.028001638,-0.11110434
0.14276597,-0.026829227,-0.49651719
0.14236305,-0.02561356,-0.89274087
0.14201586,-0.024341043,-1.3026585
0.14172995,-0.023016644,-1.7216489
0.14150867,-0.021655198,-2.1448747
0.14134955,-0.020254261,-2.5758588
0.14125202,-0.018814468,-3.0155698
0.14121771,-0.017335427,-3.4622754
0.14125047,-0.01581706,-3.9139754
0.14135434,-0.014262495,-4.3707535
0.14153352,-0.012682688,-4.8328395
0.14179452,-0.011066638,-5.3041049
0.14213323,-0.009427324,-5.7775742
0.14254834,-0.007749565,-6.2561946
0.14303519,-0.006053345,-6.7348074
0.14359753,-0.004333131,-7.215603
0.14422957,-0.002613352,-7.6909557
0.14494025,-0.000872582,-8.1687602
0.14572506,0.000888519,-8.6492318
0.1465821,0.002664763,-9.1308411
0.14750833,0.004438682,-9.6097153
0.14850089,0.006205533,-10.083378
0.14957404,0.007992297,-10.558584
0.15071354,0.009771042,-11.028127
0.15192902,0.011549056,-11.493575
0.15321897,0.013315902,-11.95282
0.15458067,0.015070462,-12.407352
0.15600586,0.016812668,-12.854913
0.15748792,0.0185352,-13.292564
0.1590393,0.020239963,-13.72282
0.16065862,0.021920175,-14.144644
0.16232833,0.023565149,-14.555476
0.1640584,0.025187177,-14.954278
0.16583969,0.026775273,-15.340816
0.1676812,0.028325078,-15.715388
0.16958236,0.029835996,-16.078682
0.1715148,0.031297547,-16.427854
0.17349271,0.03272925,-16.7658
0.17550067,0.034112995,-17.088191
0.1775584,0.035451511,-17.399642
0.17964826,0.036730492,-17.693034
0.18175867,0.037951239,-17.965987
0.18392083,0.039130606,-18.225051
0.18610089,0.040248401,-18.467233
0.18831263,0.041302795,-18.688189
0.19053909,0.042280099,-18.885839
0.19277838,0.043187672,-19.065397
0.19504569,0.044045817,-19.230081
0.1973299,0.044839729,-19.372802
0.19961063,0.045551013,-19.494106
0.20190296,0.046175096,-19.594588
0.20422623,0.046733298,-19.676407
0.20653498,0.047222541,-19.73352
0.20885289,0.047636681,-19.768144
0.21117565,0.047957513,-19.782126
0.21348889,0.048192172,-19.77604
0.21581066,0.04835988,-19.74647
0.21812581,0.048452134,-19.693961
0.2204165,0.048448461,-19.617275
0.22271255,0.048341555,-19.515659
0.22499324,0.048151741,-19.388889
0.22725795,0.047886803,-19.236794
0.22949883,0.047540241,-19.060425
0.23173158,0.047097349,-18.859555
0.23393664,0.046557561,-18.634346
0.23611558,0.045928868,-18.383086
0.23827919,0.045225778,-18.103731
0.24040119,0.044447119,-17.803193
0.24250032,0.043568647,-17.481989
0.24456343,0.042603708,-17.139894
0.24659583,0.041582527,-16.777779
0.24857678,0.040514838,-16.400802
0.25054213,0.039354317,-16.001874
0.2524516,0.038119963,-15.58704
0.25433401,0.036823163,-15.152603
0.25616146,0.035504158,-14.709913
0.25794471,0.034128433,-14.251623
0.2596749,0.032681289,-13.779362
0.26135309,0.031185568,-13.296957
0.26299071,0.029655913,-12.801815
0.26455793,0.028107495,-12.302368
0.26606855,0.026506625,-11.797516
0.26750863,0.024876533,-11.291284
0.26888896,0.023220507,-10.779242
0.27020898,0.021541394,-10.262732
0.27144826,0.019848556,-9.7498958
0.27261728,0.018125205,-9.2361562
0.27371425,0.016385286,-8.7251064
0.27472332,0.014652745,-8.2235135
0.2756588,0.012894513,-7.7214874
0.27649959,0.011144113,-7.2323007
0.27726174,0.009360888,-6.7437969
0.27792752,0.007588226,-6.2643774
0.27850026,0.005817275,-5.7986656
0.27898212,0.004035869,-5.3428461
0.27939341,0.002242645,-4.8880997
0.27972981,0.000474083,-4.4431747
0.27998566,-0.001276296,-4.0090869
0.28016928,-0.003023911,-3.5815406
0.28026302,-0.004770904,-3.1612817
0.28025536,-0.006498948,-2.7527545
0.28016454,-0.008196517,-2.3589681
0.27999598,-0.009889411,-1.974517
0.27974957,-0.011574985,-1.595902
0.27943305,-0.013236051,-1.2255446
0.27904736,-0.014865502,-0.86500332
0.27859889,-0.016456086,-0.51578673
0.27807206,-0.018029455,-0.17664106
0.27746305,-0.019586029,0.15043235
0.27679087,-0.021110015,0.46833307
0.27608526,-0.022584357,0.77656302
0.2753554,-0.024020679,1.0770973
0.27458726,-0.025421228,1.3725589
0.27376162,-0.026772462,1.6584857
0.27286981,-0.028076615,1.9276547
0.27191318,-0.029354337,2.1793738
0.27090357,-0.030607748,2.4199519
0.26987174,-0.031802184,2.6506621
0.26884722,-0.032913146,2.8710511
0.26782491,-0.033966328,3.0831197
0.26679564,-0.034973442,3.282841
0.26572125,-0.035946418,3.4705872
0.26461572,-0.036854171,3.6415957
0.2634889,-0.037701295,3.7989166
0.26234963,-0.038490779,3.9457533
0.26120693,-0.03921423,4.0790139
0.26006105,-0.039873901,4.1987927
0.25890301,-0.040474271,4.3063549
0.2577368,-0.041012787,4.3989029
0.25657849,-0.041484794,4.4745266
0.25543558,-0.041885072,4.5347302
0.25431206,-0.042210274,4.5824949
0.25320412,-0.042464197,4.6163062
0.2520968,-0.04265662,4.6356565
0.25098677,-0.042784463,4.6389873
0.24989585,-0.042841718,4.6263146
0.24881858,-0.042829051,4.6002845
0.24777287,-0.042743934,4.5603384
0.24675282,-0.042583495,4.5040127
0.24575751,-0.04235318,4.432965
0.24478183,-0.042056614,4.3473984
0.24382814,-0.041692935,4.2469839
0.24289089,-0.041259402,4.1316419
0.24198081,-0.040756894,4.0021174
0.24110472,-0.040186822,3.8582436
0.24026873,-0.039548698,3.698842
0.23947424,-0.038840717,3.5259603
0.23871915,-0.038067106,3.3404449
0.23799363,-0.037222951,3.1393628
0.2373024,-0.036318582,2.9243066
0.23664364,-0.035353357,2.6956156
0.23602508,-0.034335701,2.4552917
0.23544634,-0.033250823,2.199347
0.23491979,-0.032102352,1.9294886
0.23444482,-0.030889161,1.6455979
0.23401893,-0.029624206,1.3488813
0.23363623,-0.028315287,1.0412351
0.23329328,-0.026947957,0.71942883
0.23299808,-0.025521213,0.38393188
0.23276119,-0.024058018,0.040979338
0.23258121,-0.022542219,-0.31381272
0.23246038,-0.02097905,-0.68104427
0.23240076,-0.019377104,-1.0581071
0.23240199,-0.017736977,-1.4469149
0.23246194,-0.016046097,-1.8495913
0.23257998,-0.014331573,-2.2580992
0.23275774,-0.012573253,-2.6787833
0.23299075,-0.010798052,-3.1050989
0.23328686,-0.008976492,-3.5451656
0.23365441,-0.007135825,-3.9937251
0.23410291,-0.005275225,-4.4499381
0.23462445,-0.003399584,-4.9090674
0.23522199,-0.001473511,-5.3782615
0.23587896,0.000447266,-5.8485479
0.23659217,0.002363495,-6.3232438
0.23736173,0.004297021,-6.804513
0.23818707,0.006239283,-7.2865057
0.23907723,0.008180361,-7.7654573
0.24004567,0.010116257,-8.2402351
0.24108761,0.012044122,-8.7151014
0.24218877,0.013962452,-9.1910283
0.24334726,0.015880166,-9.670055
0.24456049,0.017779785,-10.145378
0.24584084,0.019668128,-10.619972
0.24718951,0.02153672,-11.090919
0.24858506,0.023361162,-11.551793
0.25004698,0.025167603,-12.009578
0.251567,0.026944245,-12.46301
0.25315311,0.028683581,-12.909194
0.25479009,0.030372612,-13.348018
0.25648435,0.032024489,-13.776635
0.25823356,0.033645385,-14.196415
0.26002248,0.035213744,-14.606711
0.26185801,0.036728863,-15.00937
0.26372776,0.038185223,-15.401972
0.2656452,0.039594343,-15.784863
0.26761086,0.040953663,-16.155325
0.2696041,0.042238522,-16.511004
0.27164041,0.043458333,-16.854554
0.27370607,0.044611011,-17.182623
0.27580251,0.045694813,-17.495974
0.27792325,0.046708122,-17.794311
0.28005759,0.047640443,-18.075563
0.28222726,0.048497824,-18.340439
0.28441528,0.049276656,-18.585433
0.28662588,0.049974376,-18.812494
0.28885253,0.050595196,-19.023112
0.29108327,0.051128412,-19.212653
0.29334068,0.051577122,-19.383341
0.29558575,0.051940428,-19.533529
0.29785477,0.052218939,-19.661714
0.300131,0.052412656,-19.77033
0.30242011,0.052509768,-19.854481
0.30469283,0.052520243,-19.917044
0.30698755,0.052442274,-19.956634
0.30926273,0.052274233,-19.971059
0.31153913,0.052011788,-19.960581
0.313806,0.051653124,-19.924349
0.31606237,0.05121033,-19.863715
0.31832257,0.050677292,-19.779975
0.32056123,0.050057134,-19.671468
0.32277985,0.049352539,-19.537414
0.32499207,0.048559503,-19.378328
0.3271775,0.04768555,-19.19473
0.32934316,0.046724184,-18.987081
0.33148854,0.045684527,-18.755666
0.33361434,0.044569079,-18.49976
0.33570795,0.043381092,-18.220915
0.33776773,0.042121177,-17.921037
0.33979743,0.040796232,-17.601491
0.34179961,0.039409607,-17.261144
0.34375726,0.037974807,-16.905687
0.34568857,0.036467229,-16.528533
0.34756252,0.034922475,-16.136807
0.34940806,0.033322804,-15.726635
0.35120355,0.031684434,-15.302581
0.35294379,0.030006787,-14.863276
0.35464498,0.028283878,-14.410555
0.35627957,0.026544224,-13.951473
0.35787017,0.024768008,-13.480202
0.35939946,0.022978352,-13.001828
0.36087523,0.021153553,-12.5124
0.36228269,0.019325258,-12.022774
0.36362944,0.017482528,-11.526993
0.36490736,0.015625319,-11.02605
0.36611124,0.013766793,-10.527927
0.36724376,0.011906497,-10.034308
0.36829895,0.010047807,-9.5455478
0.3692857,0.008187397,-9.0553284
0.37019379,0.006342874,-8.5680981
0.37102973,0.00448735,-8.0770373
0.37178689,0.002638233,-7.5892535
0.37246079,0.000803352,-7.1092868
0.37304457,-0.001013846,-6.6393231
0.37354882,-0.002823152,-6.1754146
0.37397382,-0.0046262,-5.7179784
0.37430361,-0.00640095,-5.2740789
0.37453631,-0.008169592,-4.8364191
0.37469228,-0.009931983,-4.4045136
0.37478576,-0.011645058,-3.9847099
0.37479834,-0.013320307,-3.5739068
0.37473575,-0.014975961,-3.1665264
0.37459875,-0.016638896,-2.7650642
0.37439484,-0.018259606,-2.3767716
0.37411788,-0.019825469,-1.9971894
0.37376837,-0.021358405,-1.6254241
0.37334385,-0.022877937,-1.2615145
0.37284689,-0.024368588,-0.91102211
0.37228735,-0.02582522,-0.57154363
0.3716806,-0.027212363,-0.24642483
0.37102743,-0.028563484,0.074965247
0.37034695,-0.029873031,0.38857531
0.36963264,-0.031138358,0.69216925
0.36887269,-0.032354202,0.98396761
0.36806508,-0.033527485,1.2637729
0.36723137,-0.034645299,1.5288922
0.36637293,-0.035720597,1.7876945
0.36549012,-0.036730688,2.0360738
0.36456891,-0.037675734,2.2709751
0.36361749,-0.038578545,2.4916082
0.36264049,-0.039443923,2.6997547
0.36163772,-0.040241637,2.8965176
0.36063535,-0.040958018,3.0806331
0.35963156,-0.041623031,3.2539973
0.35860936,-0.042234626,3.4166167
0.35757013,-0.042772658,3.5624002
0.35653514,-0.043250004,3.6903883
0.35552564,-0.043669082,3.8056787
0.35452187,-0.044017643,3.9107483
0.35352817,-0.044284006,4.0027387
0.35253571,-0.04448365,4.0814744
0.35154784,-0.04463165,4.1456909
0.35055137,-0.044723863,4.1960649
0.34955798,-0.044739214,4.231715
0.34857872,-0.044676845,4.254243
0.34763587,-0.044546791,4.2624331
0.34672408,-0.044349372,4.2558885
0.34584862,-0.044082857,4.2338087
0.34499361,-0.043739793,4.195751
0.34416059,-0.043321211,4.1416392
0.34335833,-0.042842102,4.0733545
0.34258233,-0.04230572,3.9911689
0.34182809,-0.041694097,3.8931863
0.34110684,-0.041004672,3.7789593
0.34043433,-0.040255525,3.6513455
0.33980638,-0.039445668,3.510541
0.33921251,-0.038565402,3.3544582
0.33865045,-0.037615867,3.1815647
0.33812764,-0.036609736,2.9940723
0.33764866,-0.035550255,2.7931156
0.33721627,-0.034421548,2.5750438
0.33684022,-0.033231419,2.3406894
0.33651925,-0.031979495,2.0918029
0.33624925,-0.030672806,1.8294739
0.33602596,-0.029318213,1.5529915
0.33584594,-0.027911429,1.2610809
0.33571072,-0.026447397,0.95439394
0.33562682,-0.024945795,0.63852003
0.33559866,-0.023391263,0.309718
0.33563252,-0.02179391,-0.031312929
0.33573084,-0.020161871,-0.38243499
0.33589081,-0.018486571,-0.74611426
0.33610964,-0.016759098,-1.1250389
0.33638235,-0.01500792,-1.5119342
0.33671283,-0.013234249,-1.908155
0.337108,-0.01142904,-2.3151736
0.33756941,-0.009593699,-2.7350906
0.33809548,-0.007735192,-3.1612362
0.33868683,-0.005853475,-3.5964736
0.33933892,-0.003965044,-4.0379501
0.34005787,-0.002046448,-4.4912609
0.34083031,-0.000127441,-4.9502279
0.34166236,0.001803095,-5.4147853
0.34255974,0.003745482,-5.8856116
0.34351612,0.0056708,-6.3563791
0.3445466,0.007608724,-6.8318379
0.34563661,0.009538111,-7.3046682
0.34677707,0.011444073,-7.7749831
0.34798455,0.013353576,-8.25542
0.34924101,0.015231601,-8.7329805
0.35056409,0.017107448,-9.2124826
0.35194902,0.018971768,-9.6918819
0.35338726,0.020796463,-10.164358
0.35487839,0.022584746,-10.631926
0.35643357,0.024357167,-11.099639
0.35802854,0.026078337,-11.555393
0.35967904,0.027765339,-12.007019
0.3613914,0.029417115,-12.457586
0.36315384,0.031025102,-12.901812
0.36495541,0.03258185,-13.33367
0.36681274,0.034096015,-13.756899
0.3687129,0.035543803,-14.166504
0.37065904,0.036934294,-14.564941
0.372646,0.038271164,-14.953166
0.37466884,0.039547697,-15.329485
0.37673727,0.040762848,-15.694933
0.37883508,0.041911038,-16.048616
0.380968,0.042997419,-16.387679
0.38313145,0.044014821,-16.711236
0.38530915,0.044947805,-17.019446
0.3875194,0.045811825,-17.310911
0.38976472,0.046608951,-17.587018
0.39201328,0.047316427,-17.844776
0.3942883,0.047949405,-18.087587
0.39657576,0.048501378,-18.312281
0.39889768,0.048983547,-18.521901
0.40121788,0.049387384,-18.711758
0.40353882,0.049702722,-18.880456
0.40586658,0.049929502,-19.027271
0.40820886,0.050075867,-19.153561
0.41055254,0.050142462,-19.256925
0.41288711,0.050125412,-19.338455
0.4152357,0.050016643,-19.400428
0.41757886,0.049824576,-19.440166
0.41990133,0.049556505,-19.45528
0.42223298,0.04920476,-19.446751
0.42453766,0.048764876,-19.415189
0.42684006,0.048235897,-19.360928
0.42911899,0.047638084,-19.283109
0.43137191,0.046973564,-19.182554
0.43361642,0.046225978,-19.060121
0.43584286,0.045390887,-18.915062
0.4380462,0.044485881,-18.746866
0.44020634,0.043526799,-18.557186
0.44235418,0.042488487,-18.342934
0.44445809,0.041383901,-18.108077
0.44652691,0.040218182,-17.853947
0.44856861,0.038993458,-17.578873
0.45056731,0.037722523,-17.284627
0.45253504,0.036389861,-16.970097
0.45445679,0.035004392,-16.636429
0.4563271,0.033578974,-16.282128
0.45814795,0.032103905,-15.906427
0.45991644,0.030589872,-15.516301
0.46163715,0.029039124,-15.111569
0.46330838,0.027449775,-14.690187
0.46491516,0.025839357,-14.25697
0.4664582,0.024201149,-13.812993
0.46793755,0.022545019,-13.362975
0.46935299,0.020877148,-12.907884
0.47070149,0.019187108,-12.440155
0.47198237,0.017482148,-11.966118
0.47318587,0.015767764,-11.48837
0.47431558,0.014043806,-11.005484
0.47536029,0.012325688,-10.52417
0.47633311,0.010608359,-10.046571
0.47722574,0.008886038,-9.5660915
0.47802902,0.007168066,-9.0859873
0.47874112,0.005463606,-8.612144
0.47936902,0.003756939,-8.140801
0.4799049,0.002053918,-7.6731843
0.48035188,0.000350348,-7.2094256
0.48072243,-0.001330989,-6.7529101
0.48101857,-0.00297478,-6.3051301
0.48122926,-0.00460717,-5.8634451
0.48135033,-0.006229176,-5.4314326
0.48137858,-0.007821224,-5.01277
0.48131031,-0.00939427,-4.6003957
0.48114981,-0.010948701,-4.1967165
0.48091987,-0.012498702,-3.7967796
0.48063827,-0.014002481,-3.402864
0.4802878,-0.015471722,-3.0124107
0.4798731,-0.016907686,-2.6317875
0.47938686,-0.018322183,-2.2581063
0.47881915,-0.019715031,-1.89074
0.47817292,-0.021082,-1.5369145
0.47746474,-0.022415499,-1.1939423
0.47672051,-0.023702269,-0.85578566
0.47595714,-0.024936707,-0.52270695
0.47516483,-0.026134173,-0.1940148
0.47432754,-0.027289787,0.12124536
0.47344264,-0.028409005,0.42214418
0.47251871,-0.029492032,0.71185623
0.47156583,-0.030519413,0.99036915
0.4705787,-0.031486741,1.2560039
0.46955638,-0.032414607,1.5091433
0.46851963,-0.033305019,1.7482016
0.46746559,-0.034147851,1.9766452
0.46639207,-0.034923211,2.1937567
0.4653077,-0.035632959,2.3954063
0.46421164,-0.036298859,2.5833172
0.4630953,-0.036925743,2.7598203
0.46197427,-0.037493128,2.9210611
0.460853,-0.037993348,3.0688595
0.45973628,-0.038430321,3.2045616
0.45862278,-0.038815402,3.3268274
0.45751519,-0.039147545,3.4332884
0.4564074,-0.039423119,3.5252256
0.45531482,-0.039633664,3.6024245
0.45424356,-0.039782301,3.6663499
0.45319068,-0.039866679,3.7163303
0.45215709,-0.039894026,3.7509276
0.45114703,-0.039865203,3.7694341
0.45017297,-0.03977611,3.7715565
0.44923118,-0.039615484,3.758836
0.44832545,-0.039389185,3.7302851
0.44745757,-0.03910426,3.6864895
0.44663061,-0.038765622,3.6264141
0.44583395,-0.038365227,3.5506032
0.44507572,-0.037901881,3.4591422
0.44436084,-0.037369696,3.351899
0.44370574,-0.036785603,3.2297003
0.44310826,-0.036149364,3.09198
0.44256102,-0.035449368,2.9378968
0.44206251,-0.034680114,2.7676594
0.44161739,-0.033861291,2.5835973
0.44122703,-0.033003922,2.38667
0.44088556,-0.032089504,2.1748262
0.44059753,-0.031109036,1.9478872
0.44036901,-0.030072909,1.7069761
0.44020319,-0.029005981,1.4551297
0.44009656,-0.02789201,1.1886582
0.44005327,-0.026721717,0.90766373
0.4400802,-0.025499409,0.61403081
0.44017775,-0.024237226,0.30821619
0.44033727,-0.022934622,-0.010960341
0.44055358,-0.021587486,-0.34432976
0.44082798,-0.020207492,-0.68895103
0.44116826,-0.018793753,-1.0444666
0.4415828,-0.017341346,-1.4122701
0.44207024,-0.015858423,-1.7931759
0.44262728,-0.014335725,-2.1859206
0.44324894,-0.01278007,-2.5883778
0.44393427,-0.011200302,-2.9976046
0.44468236,-0.009603565,-3.4142492
0.4454924,-0.007984085,-3.8392498
0.44636745,-0.006341777,-4.2712935
0.44730886,-0.004689547,-4.7086385
0.44832331,-0.003012338,-5.1547946
0.44939511,-0.001330443,-5.6019742
0.45053764,0.000375168,-6.0585347
0.45173518,0.002076762,-6.5175232
0.4529866,0.003778649,-6.977242
0.45429748,0.005490871,-7.4395177
0.45567669,0.007214523,-7.9081423
0.45710065,0.008916504,-8.3745475
0.45858294,0.010615667,-8.8379755
0.46012871,0.012324572,-9.2997934
0.46173219,0.0140153,-9.7568503
0.4633783,0.015674974,-10.209638
0.46506308,0.017316801,-10.659859
0.46679671,0.018954795,-11.10705
0.46858577,0.020584535,-11.553899
0.47041674,0.022182192,-11.995982
0.47228571,0.023744835,-12.430236
0.47420888,0.025291757,-12.857216
0.47616216,0.026806784,-13.272678
0.47816506,0.028290298,-13.680242
0.48018726,0.029716878,-14.077356
0.4822514,0.031117614,-14.469266
0.48434887,0.032489902,-14.85174
0.48647413,0.033822727,-15.221317
0.48862666,0.035100446,-15.57647
0.49078813,0.036311404,-15.912981
0.49299112,0.037482116,-16.241056
0.4952126,0.038602151,-16.554094
0.49746238,0.039681871,-16.855478
0.49970821,0.040692467,-17.14062
0.50196707,0.04163979,-17.410799
0.50423419,0.042530799,-17.665144
0.5065119,0.043363024,-17.901719
0.50878078,0.044123808,-18.116172
0.51106832,0.044815062,-18.313463
0.5133606,0.045434184,-18.492689
0.51564614,0.045983799,-18.652423
0.51791354,0.046464058,-18.793068
0.52019406,0.046873982,-18.912349
0.52246183,0.047199541,-19.01259
0.5247205,0.047444582,-19.095125
0.52697492,0.047618729,-19.153699
0.52920883,0.047722554,-19.188581
0.53143878,0.047746281,-19.201355
0.53364297,0.047676716,-19.191699
0.53583679,0.047521763,-19.157314
0.53799749,0.047299228,-19.098836
0.54015289,0.046998912,-19.01677
0.54228978,0.046612096,-18.912877
0.54439836,0.046138584,-18.785728
0.54647851,0.045589347,-18.635186
0.54852293,0.044974366,-18.462595
0.55055642,0.04428061,-18.264925
0.55254403,0.043509422,-18.045843
0.55450176,0.042658927,-17.805579
0.55643756,0.04173951,-17.54328
0.55833145,0.040764759,-17.261946
0.56017594,0.039730248,-16.963706
0.56200085,0.038614646,-16.644199
0.56377416,0.037444285,-16.307674
0.56550309,0.03622392,-15.952581
0.56719302,0.034946849,-15.577356
0.56882902,0.033621325,-15.186719
0.57041345,0.032249813,-14.783183
0.57194768,0.030831449,-14.366986
0.57343567,0.029374059,-13.937248
0.57486323,0.027889216,-13.49788
0.57623024,0.026374029,-13.05066
0.57753807,0.024824843,-12.595154
0.57878799,0.023229977,-12.127162
0.57996826,0.021632287,-11.658493
0.58108579,0.020019066,-11.185446
0.58213421,0.018377644,-10.705691
0.58311141,0.01671646,-10.2252
0.58401776,0.015045209,-9.7492169
0.58484803,0.013375013,-9.2753759
0.58560784,0.011699449,-8.8016258
0.58629159,0.010031818,-8.3342628
0.5869027,0.008351213,-7.8687509
0.58743134,0.006664476,-7.4031267
0.58787295,0.004989128,-6.9481651
0.58822938,0.003308497,-6.4964096
0.58849838,0.001635905,-6.054767
0.58867775,-3.33935E-05,-5.6210217
0.58876729,-0.001706572,-5.1938796
0.58877108,-0.003355611,-4.7787914
0.58873025,-0.004985703,-4.3645802
0.58864073,-0.006591774,-3.9548394
0.58845885,-0.008158456,-3.5576195
0.58817616,-0.009740634,-3.164946
0.58781596,-0.011307548,-2.7871321
0.58738168,-0.012853342,-2.4150589
0.58688473,-0.014359716,-2.0452601
0.58634898,-0.015837434,-1.6814168
0.58577376,-0.017288884,-1.324857
0.58514047,-0.018712479,-0.97408595
0.5844446,-0.020093287,-0.63610453
0.58368344,-0.021438186,-0.31096211
0.58284535,-0.022772101,0.008171686
0.58196081,-0.024061715,0.31524193
0.58104727,-0.025305754,0.61255535
0.58010081,-0.026504823,0.90250088
0.57913284,-0.027648806,1.1797462
0.57813121,-0.028758444,1.4447805
0.57708682,-0.029829811,1.6979087
0.57601721,-0.030843477,1.9361648
0.57492713,-0.031810165,2.1615581
0.57382163,-0.032723561,2.3745741
0.57269794,-0.03356217,2.5736522
0.57155456,-0.034353485,2.757965
0.57040791,-0.035107852,2.9292392
0.56924746,-0.035802803,3.0889976
0.56808331,-0.036415776,3.2332816
0.56691391,-0.036971773,3.3640124
0.56574861,-0.037479668,3.4820812
0.56458894,-0.037925477,3.5850939
0.56344207,-0.038298457,3.6715157
0.56229397,-0.03860657,3.7452171
0.56117073,-0.038850461,3.8046658
0.56006294,-0.039031926,3.8505839
0.55896914,-0.039150327,3.8812869
0.55788904,-0.039202136,3.8961111
0.55683479,-0.039185748,3.8954648
0.55580558,-0.039102979,3.8804279
0.55481744,-0.038953028,3.8505799
0.55385982,-0.038733934,3.8040817
0.55294555,-0.038452267,3.7421105
0.55207062,-0.038106598,3.6652405
0.55122938,-0.037687053,3.5736286
0.55042246,-0.037200948,3.4679823
0.54965515,-0.036666228,3.3490514
0.54892548,-0.036072536,3.215073
0.548246,-0.035404762,3.0654123
0.5476262,-0.034668389,2.9007306
0.54706988,-0.033880062,2.7226934
0.54656062,-0.033028773,2.5304349
0.54608987,-0.03211271,2.3240295
0.54565973,-0.03113991,2.1017459
0.54528293,-0.030126936,1.8665975
0.5449622,-0.029054599,1.6172172
0.54470488,-0.027921195,1.3554488
0.54451321,-0.026731232,1.0799495
0.5443848,-0.025496829,0.7905113
0.54431435,-0.024222803,0.4882867
0.54429833,-0.022890784,0.17199519
0.54433993,-0.021527372,-0.15278782
0.54444369,-0.020119641,-0.49092354
0.54461526,-0.018664202,-0.84328003
0.54485134,-0.01718685,-1.2040473
0.54515428,-0.015653133,-1.5816107
0.54551582,-0.014095986,-1.9688771
0.54594097,-0.012509949,-2.365293
0.54642754,-0.010903816,-2.768807
0.54698212,-0.009261335,-3.1830552
0.54760775,-0.007591391,-3.6089781
0.54829651,-0.005913004,-4.0399179
0.54905606,-0.004196343,-4.4807269
0.54987282,-0.00247657,-4.92442
0.55075259,-0.000746118,-5.3795145
0.55168723,0.000990548,-5.8392428
0.55266831,0.002733106,-6.2972595
0.55371174,0.004492219,-6.7604311
0.55481881,0.006240344,-7.2248267
0.55598137,0.007975906,-7.6869147
0.55719662,0.009703142,-8.1437798
0.55847678,0.011432523,-8.6037967
0.55981857,0.013146072,-9.0626538
0.56120937,0.014838579,-9.5193484
0.56264599,0.016525419,-9.9849806
0.56413675,0.018204171,-10.448959
0.56566799,0.019859552,-10.912397
0.56724949,0.021489976,-11.376264
0.56886212,0.023078103,-11.830165
0.57052581,0.024651831,-12.283015
0.57222081,0.026193892,-12.729778
0.573961,0.027694536,-13.16804
0.57574575,0.029156767,-13.602576
0.5775625,0.0305855,-14.028803
0.57941585,0.03198153,-14.445164
0.58129436,0.0333277,-14.848349
0.58320212,0.034612829,-15.238468
0.58515078,0.035845442,-15.618757
0.5871259,0.037030404,-15.98834
0.58913058,0.038169365,-16.34826
0.59114962,0.039249042,-16.692493
0.59319837,0.040273651,-17.024498
0.59525717,0.041218178,-17.338272
0.59733327,0.0420985,-17.635481
0.59943372,0.042916897,-17.916446
0.60154983,0.043681798,-18.185277
0.60368155,0.044367542,-18.434624
0.60581472,0.044967878,-18.663868
0.60795686,0.045504321,-18.876117
0.6101082,0.045974355,-19.06966
0.61225935,0.046368256,-19.240853
0.61441471,0.046675622,-19.393313
0.61656176,0.0469006,-19.523943
0.61871609,0.047053616,-19.632907
0.62087497,0.047127261,-19.719857
0.62301674,0.04712148,-19.783695
0.62516055,0.047027139,-19.825295
0.62729599,0.046848915,-19.843288
0.62940586,0.046597068,-19.836472
0.63151347,0.046264589,-19.806086
0.63360609,0.045852644,-19.752963
0.63569091,0.045356505,-19.676556
0.63774181,0.044789089,-19.577244
0.63978862,0.044142003,-19.453318
0.64180879,0.04342624,-19.306931
0.64380447,0.042640493,-19.138652
0.64577254,0.041775545,-18.949564
0.64772335,0.040841245,-18.740107
0.64964988,0.039842866,-18.509751
0.65153831,0.038788577,-18.260201
0.65340573,0.037670749,-17.988408
0.65523258,0.036490964,-17.699127
0.65703976,0.035249459,-17.390941
0.65880244,0.033974804,-17.068852
0.66051885,0.032657244,-16.730536
0.66219466,0.03128459,-16.37412
0.66383288,0.029852019,-15.998992
0.66542912,0.028382499,-15.609224
0.66697926,0.02689264,-15.207539
0.66848018,0.025370496,-14.795004
0.66992941,0.023805756,-14.370211
0.67132351,0.022214046,-13.933061
0.67266016,0.020608059,-13.485138
0.67394329,0.018979621,-13.029321
0.6751641,0.017334888,-12.568851
0.67632817,0.015671945,-12.102438
0.67742377,0.014018264,-11.638215
0.67845782,0.012333142,-11.157486
0.67941956,0.010642562,-10.676457
0.68031154,0.008956174,-10.198994
0.68113979,0.007279332,-9.7240671
0.68190579,0.005603006,-9.2480499
0.68259506,0.003935023,-8.7740346
0.68321273,0.002239028,-8.2902924
0.68374467,0.000578431,-7.8198564
0.68419975,-0.001081245,-7.3558056
0.68457735,-0.002737435,-6.8999964
0.68488101,-0.004369667,-6.4533026
0.68513489,-0.005973187,-6.0105994
0.68532383,-0.007560989,-5.5667993
0.68543022,-0.009121463,-5.1342589
0.68545017,-0.010677062,-4.7093864
0.68538058,-0.012226002,-4.2920568
0.68523329,-0.013745398,-3.8831815
0.68503204,-0.015227855,-3.483195
0.68478764,-0.016693354,-3.0866419
0.68450839,-0.018115434,-2.6958402
0.68418084,-0.019505179,-2.3108213
0.68380036,-0.02085114,-1.9405408
0.68335657,-0.022178766,-1.5767753
0.68284841,-0.023480465,-1.2219949
0.6822838,-0.024739885,-0.87841646
0.68167233,-0.02595493,-0.54617646
0.68102291,-0.027134213,-0.22025881
0.68034819,-0.028268751,0.09781536
0.67963723,-0.029355024,0.406126
0.67888049,-0.030398107,0.70547526
0.67808482,-0.031404461,0.99174282
0.6772581,-0.032362734,1.2652955
0.67640227,-0.033267897,1.5267448
0.67553565,-0.034108811,1.7735819
0.67465035,-0.034906571,2.0092381
0.67376633,-0.035645234,2.2295844
0.67287585,-0.036324049,2.4349831
0.67197146,-0.036945916,2.627931
0.67106733,-0.037507185,2.8061954
0.67015333,-0.038015595,2.9708109
0.66923895,-0.038463169,3.1214895
0.66832167,-0.038849449,3.2589685
0.66741556,-0.039173328,3.3817555
0.66651672,-0.039436987,3.4921312
0.66562974,-0.039637313,3.5901971
0.66475674,-0.039770982,3.6736627
0.66389478,-0.039843042,3.7412399
0.66304207,-0.039855363,3.7943281
0.66220326,-0.039804195,3.832788
0.66139419,-0.039686809,3.8550386
0.66062193,-0.039498276,3.8607886
0.65987979,-0.039239576,3.8510498
0.65918068,-0.038919544,3.8256378
0.65850812,-0.03853083,3.7842777
0.6578672,-0.038077964,3.7269272
0.65725518,-0.037562276,3.6546783
0.65667643,-0.036979911,3.5678097
0.65614647,-0.036337121,3.4655135
0.65567458,-0.035630555,3.3460996
0.65526473,-0.034859007,3.2117204
0.65490702,-0.034012062,3.0616981
0.65459575,-0.033107223,2.898742
0.65431861,-0.032152228,2.7220339
0.65407027,-0.031146902,2.5298916
0.65385821,-0.030082289,2.3228842
0.65370114,-0.028966582,2.1039273
0.65361095,-0.027790538,1.87085
0.6535873,-0.026551535,1.6226602
0.65362119,-0.025258636,1.3607432
0.65370482,-0.023927527,1.0867007
0.65383745,-0.022553784,0.79767757
0.65402404,-0.021135541,0.49344536
0.65427453,-0.01966253,0.17562896
0.65459886,-0.018135738,-0.15516688
0.65499103,-0.016583241,-0.49604574
0.65544496,-0.014986376,-0.85041855
0.65595036,-0.013356564,-1.2178917
0.65650585,-0.011702907,-1.5947394
0.65712577,-0.010012042,-1.9824529
0.65781071,-0.008294792,-2.3785288
0.65855442,-0.006554815,-2.7836121
0.65936107,-0.00478039,-3.1992118
0.66023296,-0.002986428,-3.6233902
0.66116226,-0.001185191,-4.0509752
0.66214667,0.000632193,-4.4821247
0.66318084,0.002456624,-4.9167543
0.66426365,0.004272805,-5.3546595
0.66540641,0.006103354,-5.8029872
0.66659198,0.007932575,-6.2522995
0.66783638,0.009772616,-6.7030315
0.66914277,0.0116103,-7.1562306
0.67050431,0.0134313,-7.6125157
0.67190368,0.015230068,-8.067833
0.67335417,0.017032361,-8.5274048
0.67485672,0.018828548,-8.9886682
0.67640879,0.020599801,-9.4485686
0.67799986,0.022337701,-9.9026248
0.6796276,0.024050461,-10.352625
0.68129333,0.025727775,-10.800341
0.6830035,0.027383222,-11.249582
0.684756,0.029021752,-11.695243
0.68653723,0.030615951,-12.128723
0.68835346,0.03216324,-12.55332
0.69019877,0.033649504,-12.964673
0.69207314,0.035090432,-13.369664
0.69397516,0.036496318,-13.769171
0.69590651,0.037859317,-14.162588
0.69786196,0.039164876,-14.544812
0.69983866,0.040403948,-14.912193
0.70184553,0.041585108,-15.265927
0.70386177,0.042701373,-15.605754
0.70589121,0.043751307,-15.933771
0.70794923,0.044742697,-16.250753
0.71002265,0.045667804,-16.554025
0.71209258,0.046513753,-16.837487
0.71419031,0.047291068,-17.107362
0.7162821,0.047987665,-17.357754
0.71837922,0.048612349,-17.589196
0.72048439,0.04915675,-17.803238
0.72260175,0.049621568,-18.000145
0.7247129,0.050003015,-18.175739
0.72682814,0.050310269,-18.33333
0.72892744,0.050534089,-18.470327
0.73103267,0.050665408,-18.587821
0.73313723,0.050714292,-18.684787
0.73523703,0.050680639,-18.759034
0.73732689,0.050563326,-18.812429
0.73939854,0.050359472,-18.845454
0.74145547,0.050066779,-18.85612
0.74350471,0.049697886,-18.846356
0.74553219,0.049250335,-18.816159
0.74755307,0.048717613,-18.763998
0.74954835,0.048104287,-18.689879
0.75150883,0.047416486,-18.594212
0.75346327,0.046651511,-18.478271
0.75539335,0.04581556,-18.345451
0.75729088,0.044906482,-18.192573
0.75916537,0.043926238,-18.021787
0.76102016,0.042878317,-17.833793
0.76282721,0.041778265,-17.630038
0.76461976,0.040600939,-17.406047
0.76636166,0.03937797,-17.165465
0.7680875,0.038088883,-16.904467
0.76976382,0.036751113,-16.628538
0.77140703,0.035363966,-16.335914
0.77301125,0.033932274,-16.024333
0.77456057,0.032464473,-15.698101
0.77607563,0.030940296,-15.35292
0.77753441,0.029381119,-14.991636
0.77894274,0.02778923,-14.617201
0.78031006,0.02616304,-14.230681
0.78161257,0.024530346,-13.839415
0.78286171,0.0228704,-13.441303
0.78405722,0.021196501,-13.040293
0.78518825,0.01950373,-12.628741
0.78625385,0.017801481,-12.214023
0.78725636,0.016085405,-11.794505
0.78819164,0.014362391,-11.372798
0.7890613,0.012628981,-10.946613
0.78985767,0.010899009,-10.521846
0.79057999,0.009164177,-10.096321
0.79122456,0.007439047,-9.6775321
0.79179345,0.00571702,-9.2622245
0.7922811,0.00399443,-8.8446135
0.79269224,0.002262423,-8.4251435
0.79303051,0.000548008,-8.0135761
0.79331677,-0.00115853,-7.5986864
0.79355542,-0.002846019,-7.1757295
0.79374189,-0.004503644,-6.7549419
0.79386111,-0.006151912,-6.335684
0.7938997,-0.007772523,-5.9276479
0.79385111,-0.009386559,-5.5282965
0.79372157,-0.01097562,-5.1364407
0.79352387,-0.012551507,-4.7493777
0.79326635,-0.014092304,-4.3702049
0.79294592,-0.015600871,-3.9962754
0.7925717,-0.017086137,-3.6261505
0.7921524,-0.018533215,-3.2653334
0.79167014,-0.019958284,-2.9051488
0.79113383,-0.021340997,-2.5521304
0.79054517,-0.022695708,-2.208943
0.78990359,-0.02401643,-1.8758805
0.78920711,-0.025298949,-1.550279
0.78846798,-0.026536782,-1.235776
0.78768901,-0.027751515,-0.92754211
0.78688694,-0.028917035,-0.62729428
0.78604977,-0.030043289,-0.33066302
0.78519565,-0.031107418,-0.046549283
0.78430645,-0.032139778,0.22800873
0.78339471,-0.033132651,0.49027593
0.78246201,-0.034071797,0.74011208
0.78150941,-0.034949913,0.98062636
0.78054413,-0.03577781,1.211037
0.77955988,-0.036563142,1.4294436
0.77855173,-0.037293526,1.6327675
0.77752693,-0.037971386,1.8222204
0.77651603,-0.038596321,1.9992643
0.77550853,-0.039160131,2.1679579
0.77451215,-0.039646998,2.3217942
0.77349653,-0.040083753,2.4618949
0.77247661,-0.040477724,2.5871542
0.77145252,-0.040821412,2.6992567
0.77044186,-0.041092679,2.7982015
0.76945539,-0.041286595,2.8831095
0.76849464,-0.04141745,2.9549038
0.76754125,-0.041500901,3.0138348
0.76659627,-0.04152463,3.0572365
0.76566141,-0.041478832,3.0855947
0.76475032,-0.041371137,3.0999546
0.76387493,-0.041199249,3.1003264
0.76302242,-0.040954856,3.087793
0.76220319,-0.040650232,3.0612619
0.76141975,-0.040292115,3.0191147
0.76066354,-0.039864873,2.9620802
0.75994078,-0.0393646,2.890956
0.75926079,-0.038805738,2.8074571
0.75861194,-0.038187459,2.7103867
0.75799492,-0.037509431,2.5988164
0.75741731,-0.03677049,2.4728919
0.75688464,-0.03596305,2.3329667
0.75640118,-0.035088124,2.1796626
0.75597373,-0.034170801,2.0145741
0.75558951,-0.033182752,1.8328989
0.75525515,-0.032132453,1.6381978
0.75497404,-0.031028008,1.4296696
0.75474059,-0.029875031,1.210077
0.75454952,-0.028668083,0.97729982
0.75440522,-0.027402578,0.73012849
0.75432016,-0.026082786,0.46971536
0.75429951,-0.024720309,0.19946076
0.7543393,-0.023305874,-0.082146878
0.75443613,-0.021837861,-0.37724672
0.7545847,-0.020335503,-0.68343563
0.7547828,-0.018788394,-1.0023421
0.75503273,-0.017202933,-1.3317696
0.75534197,-0.015580192,-1.672946
0.75571651,-0.013919313,-2.0231303
0.7561583,-0.01221813,-2.3837418
0.75665857,-0.01048571,-2.7530522
0.75720936,-0.008728192,-3.1282813
0.75781089,-0.006948022,-3.5100741
0.7584648,-0.005149182,-3.8998079
0.75917287,-0.003327561,-4.2993508
0.75993932,-0.001473023,-4.7066887
0.76076085,0.000384566,-5.1170851
0.76164561,0.002251088,-5.5351606
0.76258068,0.004113312,-5.9551494
0.76357846,0.006005381,-6.3846279
0.76463336,0.007900042,-6.8154649
0.76573613,0.009781574,-7.244743
0.7668937,0.011675287,-7.6803097
0.76808156,0.013541401,-8.1121301
0.76931591,0.015392803,-8.5424194
0.77059803,0.017229243,-8.9752451
0.7719316,0.019047701,-9.4077053
0.77331094,0.020839425,-9.8356129
0.77475273,0.022630816,-10.270238
0.77623767,0.024382405,-10.692318
0.77776129,0.026096126,-11.108085
0.77932492,0.027777846,-11.523909
0.78093165,0.02943467,-11.938729
0.78255611,0.031031263,-12.342714
0.78422372,0.03259252,-12.741769
0.78592943,0.034109529,-13.132964
0.78767467,0.03557826,-13.518446
0.78945722,0.036989595,-13.894094
0.79126232,0.038338774,-14.2617
0.79310026,0.039640112,-14.6231
0.79495596,0.040880318,-14.975878
0.79683619,0.042052439,-15.318152
0.79875134,0.04316485,-15.648587
0.80067954,0.044202549,-15.964631
0.80263468,0.045166788,-16.264775
0.80462153,0.046058893,-16.55419
0.80660883,0.046869731,-16.827692
0.80861477,0.047610898,-17.08859
0.81063824,0.048271991,-17.335271
0.81267736,0.048853666,-17.564483
0.81473455,0.049350057,-17.777092
0.81678744,0.049754713,-17.968442
0.81885411,0.050077543,-18.140854
0.82093284,0.050313227,-18.294897
0.82300569,0.05046157,-18.428973
0.82509524,0.050518445,-18.544612
0.82716713,0.050489784,-18.641383
0.82925281,0.050372181,-18.718054
0.83133221,0.0501637,-18.774696
0.8334129,0.049869608,-18.810938
0.8354882,0.049487265,-18.826889
0.83755077,0.049019977,-18.822325
0.83961408,0.048469052,-18.797415
0.84165786,0.047837763,-18.751367
0.84369023,0.047125101,-18.683295
0.84569951,0.04633061,-18.594503
0.8476963,0.045461604,-18.487131
0.84968176,0.04451742,-18.360955
0.85165265,0.043499746,-18.214136
0.85359159,0.042418671,-18.047031
0.85551408,0.041259628,-17.859225
0.85739757,0.040045256,-17.652346
0.8592619,0.038774343,-17.42581
0.86109357,0.0374501,-17.18419
0.86290373,0.036066008,-16.927574
0.8646713,0.034643593,-16.658027
0.8664026,0.033180095,-16.371627
0.86810314,0.031661389,-16.063612
0.86974433,0.030105249,-15.737665
0.8713559,0.02849533,-15.393535
0.8729096,0.026865807,-15.037396
0.87441675,0.025213487,-14.669662
0.87586788,0.023537881,-14.291372
0.87727648,0.021825961,-13.90026
0.87862375,0.020106729,-13.502374
0.87991011,0.018384639,-13.099381
0.88114252,0.016639017,-12.684221
0.88231401,0.014879316,-12.261245
0.88341384,0.013119087,-11.834817
0.88444387,0.011365001,-11.406829
0.88541291,0.009589869,-10.969827
0.88631205,0.007837042,-10.535461
0.8871593,0.006087935,-10.094769
0.88794063,0.004349511,-9.6519389
0.88864525,0.002628368,-9.2153265
0.88926961,0.000917363,-8.7795517
0.88981498,-0.000779742,-8.3430874
0.89029306,-0.002470866,-7.9054525
0.89069768,-0.004145142,-7.4691418
0.89102503,-0.005811176,-7.0327056
0.89127146,-0.007459324,-6.6006319
0.89146185,-0.009072131,-6.1740689
0.89159366,-0.010642195,-5.75284
0.89165695,-0.012178564,-5.3375087
0.89165376,-0.013713031,-4.9212094
0.89158551,-0.015209307,-4.5120698
0.89145416,-0.016669019,-4.1095297
0.89125258,-0.018087129,-3.7175214
0.89097701,-0.019473484,-3.3328246
0.89063637,-0.020838663,-2.9535152
0.89024451,-0.022164268,-2.5800645
0.88980815,-0.023445264,-2.210144
0.88932951,-0.024685567,-1.8452721
0.88880522,-0.025888417,-1.4846964
0.88822972,-0.027042316,-1.1321781
0.88759839,-0.028148804,-0.79170441
0.88690958,-0.029222481,-0.46285705
0.88617372,-0.030258402,-0.14286639
0.88540948,-0.031232584,0.16790858
0.88462071,-0.032151351,0.47190817
0.88381538,-0.033020567,0.76597036
0.8829772,-0.033850675,1.0523319
0.88210066,-0.034628631,1.3269324
0.88118305,-0.035348932,1.5874054
0.88024503,-0.036013884,1.8332465
0.87929663,-0.036629066,2.0672611
0.87833169,-0.037186802,2.2906717
0.87734506,-0.037678761,2.5014832
0.87634927,-0.038111391,2.6969075
0.87534153,-0.038497618,2.8797442
0.87432803,-0.038827772,3.0482078
0.87331466,-0.039089627,3.2011161
0.87229587,-0.039283806,3.3390017
0.87127848,-0.039419151,3.4623042
0.87026028,-0.039499461,3.5722376
0.86925332,-0.039523851,3.6674005
0.86825107,-0.039481322,3.7460114
0.86725762,-0.039369558,3.8094397
0.86627494,-0.039194709,3.8590106
0.86531001,-0.038965714,3.8941529
0.86435933,-0.038679525,3.9130752
0.86342781,-0.038329641,3.915389
0.86251726,-0.037910264,3.9030666
0.86164012,-0.037429587,3.8767071
0.86078536,-0.036887697,3.835575
0.85995623,-0.03629742,3.7801629
0.85914377,-0.035645302,3.7085756
0.85836474,-0.03493361,3.6220749
0.85762728,-0.034160529,3.5212136
0.85693222,-0.033333068,3.4069427
0.85627754,-0.032447827,3.2767691
0.85565622,-0.031500646,3.1300892
0.85508023,-0.03050996,2.9696319
0.85454512,-0.029456585,2.7921306
0.854062,-0.028355974,2.6008288
0.8536276,-0.027200658,2.3932631
0.85324886,-0.02600313,2.1716748
0.85292239,-0.024743512,1.9334291
0.8526546,-0.023443621,1.6820273
0.85244204,-0.022102971,1.4151486
0.85228412,-0.020726018,1.1357682
0.85218139,-0.019293205,0.84129626
0.85214112,-0.017818879,0.53229397
0.85216444,-0.01632343,0.21227907
0.85225034,-0.014788394,-0.12163382
0.85239986,-0.013223569,-0.46705636
0.85261693,-0.011611419,-0.82666325
0.85289952,-0.009984264,-1.1951754
0.85324756,-0.008333326,-1.5785377
0.85365717,-0.006658671,-1.9737494
0.85412754,-0.004963505,-2.3764418
0.85466998,-0.00324193,-2.7882285
0.85528426,-0.001508051,-3.2084628
0.85595511,0.000216973,-3.6310974
0.85669098,0.001966806,-4.0653453
0.85749246,0.003726541,-4.5087731
0.85835708,0.00548058,-4.956261
0.85929474,0.007235014,-5.4059864
0.86029771,0.008977107,-5.8611354
0.86136755,0.010719816,-6.3212579
0.86249849,0.012466028,-6.7885197
0.86369009,0.014196614,-7.2571475
