0,0
0,3.11E-05
-0.000004,-5.70E-05
-0.00035,-8.98E-05
-0.001005,6.69E-06
-0.0009,9.36E-05
-0.000523,3.74E-05
-0.000867,-0.000154
-0.001511,-1.77E-04
-0.001654,-0.000139
-0.001483,-0.00000992
-0.001512,-0.0000873
-0.001945,-0.000248
-0.002224,-0.000336
-0.002412,-0.000348
-0.002466,-0.0000874
-0.002532,-0.000111
-0.00288,-0.000395
-0.003149,-0.000461
-0.003368,-0.000272
-0.003516,-0.00024
-0.003649,-0.00032
-0.003987,-0.000404
-0.004227,-0.000516
-0.004415,-0.000515
-0.00464,-0.000434
-0.004948,-0.000381
-0.005232,-0.000514
-0.005362,-0.000727
-0.005602,-0.000689
-0.005966,-0.000548
-0.006291,-0.000498
-0.006488,-0.000623
-0.006705,-0.000851
-0.007014,-0.00082
-0.007294,-0.000635
-0.007664,-0.000554
-0.007957,-0.000704
-0.00817,-0.000937
-0.008392,-0.000877
-0.008736,-0.000661
-0.009166,-0.0006
-0.009398,-0.000762
-0.009644,-0.000904
-0.009912,-0.000887
-0.010207,-0.000725
-0.010612,-0.000551
-0.010854,-0.000665
-0.011142,-0.000907
-0.011346,-0.000881
-0.011597,-0.000609
-0.011983,-0.000424
-0.01215,-0.000614
-0.012483,-0.000832
-0.012718,-0.000739
-0.012779,-0.000459
-0.013003,-0.000321
-0.013348,-0.000542
-0.013657,-0.000704
-0.013548,-0.000547
-0.013582,-0.000318
-0.013949,-0.00024
-0.01408,-0.000411
-0.014106,-0.0005
-0.01407,-0.000368
-0.014167,-0.000183
-0.014135,-0.000123
-0.014098,-0.000248
-0.014192,-0.000293
-0.014035,-0.000186
-0.013828,-0.0000498
-0.013601,-0.0000165
-0.013533,-0.0000673
-0.013413,-0.0000573
-0.013025,-0.0000521
-0.01268,0.0000456
-0.012217,0.000152
-0.011924,0.000113
-0.011611,0.000078
-0.011033,0.000111
-0.010459,0.000186
-0.00972,0.00023
-0.009202,0.000266
-0.008651,0.000281
-0.007857,0.000211
-0.007006,0.000229
-0.00605,0.000362
-0.005291,0.000426
-0.004426,0.000367
-0.003409,0.000261
-0.002384,0.000312
-0.001217,0.000441
-0.000156,0.000491
0.000987,0.000423
0.002173,0.00029
0.003365,0.000335
0.004715,0.000477
0.006028,0.000519
0.007369,0.000421
0.008694,0.000283
0.010031,0.000346
0.011511,0.000479
0.012995,0.000479
0.014436,0.000397
0.015846,0.000304
0.017281,0.000306
0.018832,0.000411
0.020374,0.000471
0.021834,0.000368
0.023279,0.000242
0.024715,0.000272
0.026232,0.000376
0.027768,0.000382
0.02919,0.000308
0.030482,0.000229
0.031839,0.000213
0.033356,0.000267
0.034723,0.000311
0.035898,0.000277
0.037096,0.000177
0.038346,0.000126
0.039579,0.000175
0.0407,0.000244
0.041745,0.000236
0.04272,0.000123
0.043643,0.0000335
0.044597,0.0000872
0.045496,0.000195
0.046293,0.000201
0.04692,0.0000578
0.04749,-0.000056
0.048186,0.0000306
0.04876,0.000161
0.04916,0.000149
0.049446,-0.00000238
0.04974,-0.000115
0.050042,-0.0000217
0.05016,0.000131
0.050238,0.000122
0.050205,-0.0000723
0.050048,-0.000173
0.049905,-0.0000191
0.049667,0.000109
0.049378,0.0000398
0.048892,-0.000117
0.048259,-0.000164
0.047709,-0.0000344
0.04709,0.0000586
0.046312,0.00000902
0.045316,-0.00012
0.04426,-0.000156
0.04325,-0.0000208
0.042129,0.0000526
0.040868,-0.0000122
0.039403,-0.0000936
0.037876,-0.000078
0.036378,0.0000213
0.034818,0.0000465
0.033103,0.0000178
0.031124,0.0000118
0.029123,0.0000285
0.027129,0.0000746
0.025073,0.0000934
0.022868,0.000109
0.020337,0.00015
0.017799,0.000168
0.015281,0.000169
0.012729,0.000168
0.009976,0.00025
0.006882,0.000355
0.003837,0.000325
0.000842,0.000269
-0.002201,0.000322
-0.005496,0.00046
-0.009036,0.000552
-0.012542,0.000501
-0.015983,0.000446
-0.019434,0.000512
-0.023131,0.000677
-0.027102,0.000784
-0.030926,0.000718
-0.03462,0.000642
-0.03835,0.000727
-0.042347,0.000928
-0.046348,0.001031817
-0.050151,0.000946
-0.05381,0.000863
-0.057428,0.000974
-0.060991,0.001194142
-0.064445,0.001283747
-0.067595,0.001185791
-0.070413,0.001109854
-0.073007,0.001241236
-0.075477,0.001460453
-0.077593,0.001538908
-0.079223,0.001445836
-0.080541,0.001376896
-0.081661,0.0015116
-0.082561,0.00173627
-0.083047,0.001801764
-0.083176,0.001710112
-0.083136,0.001665332
-0.082916,0.001794749
-0.082442,0.001992714
-0.081682,0.002068688
-0.080777,0.002003053
-0.079816,0.001944344
-0.078686,0.002056128
-0.077387,0.00227057
-0.075934,0.002353567
-0.074454,0.002270963
-0.072911,0.002221756
-0.071207,0.002355056
-0.069392,0.002549329
-0.067532,0.002611573
-0.065664,0.002551326
-0.063715,0.002535166
-0.061612,0.002653679
-0.059464,0.002808603
-0.057311,0.002886283
-0.05513,0.002857296
-0.052847,0.002850798
-0.050477,0.002950344
-0.048068,0.003077981
-0.045636,0.003163602
-0.04318,0.003172647
-0.040647,0.003181627
-0.038041,0.003236548
-0.035437,0.003332998
-0.032782,0.003463633
-0.030134,0.003507315
-0.02741,0.003488376
-0.024661,0.003514692
-0.021894,0.003622483
-0.019104,0.003766552
-0.016278,0.003824401
-0.013479,0.003805727
-0.010626,0.003806238
-0.00772,0.003903125
-0.004817,0.004070344
-0.001942,0.004150376
0.00098,0.004114974
0.003934,0.004083032
0.006887,0.004185214
0.009833,0.004372732
0.012832,0.004454347
0.01581,0.00439859
0.018787,0.004347723
0.021786,0.004454438
0.024825,0.004648722
0.027843,0.004726063
0.030828,0.004655316
0.033866,0.004591729
0.036928,0.004700936
0.039961,0.004898148
0.042903,0.004965211
0.045902,0.0048814
0.048911,0.004820378
0.051862,0.004930085
0.054767,0.00511411
0.057699,0.0051676
0.060568,0.005081458
0.06338,0.005025317
0.066141,0.00512659
0.068927,0.005277919
0.071635,0.005317825
0.074224,0.005255104
0.076731,0.005198374
0.079157,0.005254339
0.081582,0.005377854
0.083858,0.005438586
0.08593,0.00538371
0.087887,0.005292734
0.089737,0.005315838
0.09141,0.00543608
0.092862,0.005498458
0.094076,0.005430516
0.09511,0.005318328
0.095983,0.005314684
0.096642,0.005418914
0.097059,0.005479905
0.097225,0.005400252
0.097145,0.005256657
0.096814,0.005222567
0.096202,0.00532049
0.095308,0.005373852
0.094124,0.005257615
0.092638,0.005084981
0.090881,0.005043468
0.088923,0.00512042
0.08673,0.00514088
0.084305,0.004997111
0.081617,0.004806514
0.078789,0.004748843
0.075863,0.004801404
0.072763,0.004779582
0.069507,0.004599249
0.066057,0.004406214
0.062543,0.004340258
0.059033,0.004342513
0.055416,0.004261307
0.051655,0.004071158
0.04778,0.003887612
0.043927,0.003784847
0.040115,0.003720357
0.036204,0.003601424
0.032209,0.003414146
0.028183,0.003223699
0.024121,0.003072569
0.020163,0.002953405
0.016204,0.002809145
0.012161,0.002620031
0.008084,0.002417255
0.004053,0.002222908
0.000128,0.002053689
-0.003772,0.00188535
-0.007749,0.001699825
-0.011726,0.001487654
-0.015599,0.001248384
-0.019387,0.001027024
-0.023163,0.000849
-0.026945,0.000672
-0.030745,0.000438
-0.034498,0.000153
-0.038092,-0.000103
-0.041658,-0.000291
-0.045315,-0.000462
-0.049009,-0.000715
-0.052577,-0.001043232
-0.056009,-1.33E-03
-0.059455,-0.001508561
-0.062928,-0.001666263
-0.066359,-0.001962645
-0.069621,-0.002324794
-0.072714,-0.00260399
-0.075806,-0.002776478
-0.078881,-0.002958805
-0.081823,-0.003267924
-0.084587,-0.003636721
-0.087231,-0.003924695
-0.089783,-0.004098342
-0.092231,-0.004279439
-0.094454,-0.004599261
-0.096429,-0.004979688
-0.09819,-0.005256184
-0.099731,-0.00541542
-0.101019,-0.005603705
-0.102019,-0.005929822
-0.102783,-0.006292334
-0.10331,-0.006547236
-0.103538,-0.006702597
-0.103467,-0.006894789
-0.103146,-0.007199016
-0.102586,-0.007539463
-0.101737,-0.007771586
-0.100548,-0.007910938
-0.099077,-0.008097635
-0.097435,-0.008382661
-0.095613,-0.008670785
-0.093527,-0.00887203
-0.091161,-0.009013152
-0.088647,-0.009178239
-0.086064,-0.009406222
-0.083359,-0.009649133
-0.08042,-0.009829042
-0.077287,-0.009944206
-0.074098,-0.010067488
-0.070859,-0.01024528
-0.067519,-0.010436935
-0.064013,-0.010571704
-0.060387,-0.010659836
-0.056703,-0.010743926
-0.053049,-0.010851973
-0.049294,-0.010970481
-0.04542,-0.011064324
-0.041565,-0.011123947
-0.037665,-0.011149335
-0.033838,-0.011165029
-0.029955,-0.011209985
-0.026048,-0.011266598
-0.022169,-0.011286619
-0.018328,-0.011225385
-0.014497,-0.011139143
-0.01074,-0.011121524
-0.006991,-0.011138853
-0.003232,-0.011086856
0.000486,-0.010926119
0.004092,-0.010748725
0.007684,-0.010667431
0.011246,-0.010623919
0.014796,-0.010482717
0.018235,-0.010220488
0.021616,-0.0099588
0.024927,-0.009803622
0.028242,-0.009680391
0.031421,-0.009441789
0.034524,-0.009080842
0.037547,-0.008739228
0.040499,-0.008504803
0.043361,-0.008284497
0.046129,-0.007949465
0.048811,-0.007511055
0.051415,-0.00708413
0.053915,-0.00675471
0.056299,-0.006438738
0.058605,-0.006018728
0.060867,-0.005497451
0.063028,-0.004993884
0.065077,-0.004573792
0.067,-0.004161139
0.068909,-0.003659343
0.070763,-0.003076437
0.072489,-0.002500973
0.074094,-0.001986734
0.075612,-0.001477526
0.077087,-0.000919
0.078489,-0.000292
0.079749,0.00035
0.080873,0.000969
0.081922,0.001544094
0.082919,0.002131392
0.083828,0.002797005
0.084595,0.003520495
0.085205,0.004206617
0.085733,0.004819086
0.086189,0.005424168
0.086531,0.006128913
0.086715,0.006908582
0.086726,0.007630998
0.086615,0.008250849
0.086417,0.008873503
0.086074,0.009599828
0.08555,0.010393481
0.084854,0.011126125
0.083998,0.011742181
0.08301,0.01236325
0.081882,0.013083338
0.080558,0.013851216
0.079045,0.014563676
0.07736,0.015168557
0.075554,0.015764578
0.073626,0.016432589
0.071544,0.017149688
0.069274,0.017818693
0.066859,0.018384414
0.064356,0.018919308
0.061799,0.019504796
0.059124,0.020147004
0.056298,0.020747865
0.053355,0.021242138
0.050385,0.021681527
0.047389,0.022164061
0.044265,0.022695139
0.041069,0.023196582
0.037771,0.023589544
0.034471,0.0239144
0.03119,0.024259833
0.027819,0.024652389
0.024367,0.025028674
0.020898,0.025297
0.017387,0.025477123
0.013906,0.025662299
0.010431,0.025899196
0.006878,0.026127775
0.003288,0.026247843
-0.000317,0.026259262
-0.003864,0.026264975
-0.007401,0.026332991
-0.011016,0.026394516
-0.014712,0.026338719
-0.018313,0.026168442
-0.021887,0.025990021
-0.025486,0.025871018
-0.029171,0.025742613
-0.032819,0.025501384
-0.036439,0.025146186
-0.039986,0.024776103
-0.043525,0.024458329
-0.047127,0.024136919
-0.050653,0.023711674
-0.054118,0.023168337
-0.057487,0.022611059
-0.060844,0.022095398
-0.064191,0.021580533
-0.067444,0.020971053
-0.070575,0.020253984
-0.073656,0.019515223
-0.076618,0.018807397
-0.079492,0.018110187
-0.082209,0.017329668
-0.084796,0.016450071
-0.087172,0.015542751
-0.089358,0.014658962
-0.091384,0.013792513
-0.093227,0.012865798
-0.094919,0.011857922
-0.096368,0.010797792
-0.097569,0.009772378
-0.098539,0.008771863
-0.099316,0.007741744
-0.099825,0.006622077
-0.099996,0.005446292
-0.099847,0.004309856
-0.099473,0.003213825
-0.098913,0.002098901
-0.09809,0.000908
-0.096981,-0.00034
-0.095651,-0.001551832
-0.094159,-0.00270056
-0.092515,-0.003861052
-0.090645,-0.005082131
-0.088539,-0.006347724
-0.086259,-0.007567
-0.083859,-0.008717787
-0.08131,-0.009859503
-0.078516,-0.011061973
-0.075595,-0.012299452
-0.072548,-0.01348514
-0.069371,-0.014605221
-0.066032,-0.015682502
-0.062613,-0.016805158
-0.059133,-0.017964951
-0.055582,-0.019080465
-0.051949,-0.020096685
-0.04829,-0.021075637
-0.044665,-0.022077407
-0.040973,-0.023115532
-0.037281,-0.024100903
-0.033552,-0.024975041
-0.029808,-0.025794204
-0.026142,-0.026633679
-0.0224,-0.027493255
-0.01867,-0.028289791
-0.014934,-0.028975672
-0.011238,-0.029593912
-0.007548,-0.030222228
-0.003847,-0.030850843
-0.000151,-0.031419586
0.003505,-0.031880923
0.007144,-0.032259116
0.010772,-0.032630109
0.014371,-0.033006048
0.017927,-0.033314448
0.021444,-0.033511286
0.024968,-0.033618731
0.028413,-0.033700655
0.031828,-0.033785321
0.035192,-0.033810803
0.038515,-0.033715593
0.041763,-0.033522441
0.044968,-0.033307787
0.048124,-0.033087942
0.051177,-0.032804778
0.054184,-0.032409023
0.057054,-0.031915436
0.05986,-0.031386124
0.062519,-0.030849037
0.065065,-0.030264083
0.067505,-0.029570273
0.069821,-0.028779793
0.071982,-0.027939395
0.074031,-0.027095639
0.075933,-0.026226096
0.077733,-0.025249674
0.079401,-0.024164509
0.080938,-0.023032106
0.082345,-0.021906458
0.083605,-0.020759178
0.084749,-0.019524606
0.08575,-0.018180123
0.086603,-0.016791121
0.087291,-0.015416074
0.087829,-0.014036786
0.08821,-0.012559638
0.088447,-0.010990159
0.088535,-0.009385782
0.088462,-0.007813588
0.088228,-0.00622948
0.087855,-0.004589208
0.087369,-0.002866298
0.086755,-0.001113053
0.085983,0.000609
0.085063,0.00230673
0.084033,0.00403839
0.082895,0.005857347
0.081637,0.007678851
0.080199,0.009482105
0.078637,0.011219967
0.076996,0.012973121
0.075242,0.014778134
0.073358,0.016599681
0.071344,0.018373165
0.069207,0.020083642
0.067001,0.021772707
0.064686,0.023507092
0.062291,0.025229229
0.05978,0.026899581
0.057175,0.028469744
0.054463,0.030014803
0.051696,0.031565976
0.048873,0.033118435
0.045952,0.034598516
0.042964,0.03596113
0.039901,0.037269212
0.03681,0.038586374
0.033644,0.039874789
0.030425,0.041076929
0.027111,0.042143129
0.023789,0.043145138
0.020457,0.04414508
0.017069,0.045099212
0.013608,0.045951305
0.010145,0.046659238
0.006671,0.04729998
0.003173,0.047906343
-0.000291,0.048473345
-0.003841,0.04891615
-0.007387,0.049223949
-0.010945,0.049446499
-0.014475,0.049635686
-0.017989,0.049767561
-0.021536,0.049781719
-0.025115,0.04965514
-0.028677,0.049440606
-0.032181,0.049180797
-0.035668,0.048862411
-0.0392,0.048421876
-0.042733,0.047843811
-0.046223,0.047186229
-0.049648,0.046489137
-0.053024,0.045716456
-0.056438,0.044834019
-0.059847,0.04384563
-0.063184,0.042772871
-0.066446,0.04166752
-0.069652,0.040495072
-0.07284,0.039221095
-0.07599,0.037857601
-0.078995,0.036437502
-0.08183,0.03495361
-0.084545,0.033436023
-0.08716,0.031837871
-0.089575,0.030182902
-0.091794,0.02847478
-0.093753,0.026744092
-0.095483,0.024974227
-0.097033,0.023149064
-0.09836,0.021294048
-0.099424,0.019407298
-0.1002,0.017475616
-0.100741,0.015559841
-0.101048,0.013619378
-0.101084,0.011656046
-0.100798,0.009682094
-0.100197,0.007653865
-0.099317,0.005647265
-0.0982,0.003651113
-0.096839,0.001670978
-0.095221,-0.000344
-0.093356,-0.002354026
-0.091287,-0.004359463
-0.08906,-0.006320947
-0.086646,-0.008261859
-0.084055,-0.010225985
-0.081272,-0.012181272
-0.078341,-0.014088547
-0.075316,-0.015930424
-0.072194,-0.017757621
-0.068934,-0.019594705
-0.06559,-0.021402307
-0.062182,-0.02312785
-0.058708,-0.024787848
-0.055237,-0.026421687
-0.051671,-0.028051702
-0.048042,-0.029631495
-0.044407,-0.031136665
-0.04073,-0.032567163
-0.037063,-0.033956801
-0.033335,-0.035320373
-0.029582,-0.03661226
-0.025817,-0.037816237
-0.022038,-0.038924418
-0.018284,-0.039981088
-0.014488,-0.040975298
-0.010717,-0.041903928
-0.006885,-0.042754268
-0.003095,-0.043506056
0.000686,-0.044178696
0.004415,-0.044786246
0.008169,-0.045327314
0.011935,-0.045769067
0.015623,-0.046103903
0.019278,-0.046342221
0.022917,-0.046510903
0.026511,-0.046623766
0.030074,-0.046649198
0.03357,-0.046556612
0.037033,-0.046361801
0.040428,-0.046102234
0.043764,-0.045786663
0.047015,-0.045377741
0.050188,-0.044847656
0.05327,-0.044218739
0.056276,-0.043541237
0.059168,-0.042820201
0.061963,-0.04199026
0.064653,-0.041047946
0.067248,-0.04002899
0.06969,-0.038970677
0.071981,-0.037851489
0.074176,-0.036641306
0.076241,-0.035319927
0.078165,-0.03394519
0.079928,-0.032535229
0.081555,-0.031065449
0.083068,-0.029510545
0.08445,-0.027892578
0.085679,-0.026209006
0.086734,-0.024487173
0.087657,-0.022717579
0.088466,-0.02089411
0.089121,-0.019009387
0.089609,-0.01708617
0.089932,-0.015129622
0.090127,-0.013137723
0.090202,-0.01110763
0.090131,-0.009026966
0.089898,-0.00693189
0.089516,-0.004821886
0.08901,-0.002688652
0.088387,-0.000567
0.087612,0.001582035
0.086684,0.003767225
0.085594,0.005923074
0.08438,0.008100326
0.083044,0.010242684
0.081582,0.012391097
0.079949,0.014525432
0.078181,0.016642395
0.076293,0.018725425
0.074314,0.020770709
0.072213,0.022786573
0.07,0.02479975
0.067645,0.026760154
0.065209,0.028680026
0.062717,0.030538958
0.06013,0.032359892
0.05742,0.034128358
0.054618,0.035866361
0.051751,0.037523141
0.048836,0.039108192
0.045857,0.04063179
0.0428,0.042075057
0.039622,0.043481529
0.036411,0.04479442
0.03318,0.046017768
0.029913,0.047152861
0.026549,0.048213421
0.02316,0.049204145
0.019702,0.050108867
0.016287,0.050893057
0.012803,0.051574697
0.009298,0.052173164
0.005727,0.052700424
0.002182,0.053130126
-0.00137,0.05343057
-0.004928,0.053618307
-0.008513,0.053724734
-0.012099,0.05376595
-0.015721,0.053710964
-0.0193,0.053533354
-0.022835,0.05324813
-0.026405,0.052893924
-0.029995,0.052485838
-0.033558,0.051991722
-0.037079,0.051374348
-0.040544,0.050682476
-0.044029,0.049940079
-0.047536,0.049143379
-0.050957,0.048279641
-0.054341,0.047324882
-0.057673,0.04629963
-0.060995,0.04524424
-0.064305,0.044151568
-0.067524,0.043007998
-0.070667,0.04178317
-0.073792,0.040490899
-0.076828,0.039194994
-0.079822,0.037877488
-0.082735,0.036521561
-0.085543,0.03510887
-0.088251,0.033672409
-0.090849,0.03220672
-0.093261,0.030737719
-0.09546,0.02923889
-0.097439,0.027709301
-0.09916,0.026154524
-0.100601,0.024606517
-0.101751,0.023058301
-0.102628,0.021474976
-0.10323,0.019880186
-0.103542,0.018269158
-0.103571,0.016657093
-0.103329,0.015040919
-0.10281,0.0134046
-0.101977,0.011786113
-0.100843,0.010138435
-0.099417,0.008510021
-0.097759,0.006911011
-0.09589,0.005328125
-0.093772,0.003744762
-0.091421,0.002178894
-0.088924,0.00059
-0.086297,-0.000959
-0.083463,-0.002493359
-0.080502,-0.004021766
-0.077376,-0.005549857
-0.074131,-0.007078476
-0.070802,-0.008559693
-0.067413,-0.009987618
-0.063916,-0.01138976
-0.06031,-0.012785789
-0.056693,-0.014149275
-0.053074,-0.015444283
-0.049368,-0.016708275
-0.045627,-0.017971989
-0.041835,-0.019234619
-0.038043,-0.020434449
-0.034183,-0.021582623
-0.030313,-0.022719714
-0.026431,-0.023833567
-0.022495,-0.024914024
-0.018566,-0.025903938
-0.014582,-0.026830331
-0.01062,-0.027718216
-0.006637,-0.028575741
-0.002653,-0.029408827
0.001303,-0.030183306
0.005292,-0.030915304
0.009244,-0.031600246
0.013157,-0.032231632
0.017037,-0.032813184
0.020876,-0.033333029
0.024689,-0.033798655
0.028459,-0.034205208
0.032156,-0.034560247
0.035798,-0.034873662
0.03942,-0.03514494
0.042945,-0.035353736
0.0464,-0.035491806
0.049778,-0.035578678
0.053078,-0.035630411
0.056307,-0.035635421
0.059446,-0.035564067
0.062476,-0.035413162
0.065395,-0.035215005
0.068245,-0.034991131
0.070975,-0.034714629
0.073547,-0.034367101
0.07601,-0.033948208
0.078333,-0.03349697
0.080515,-0.033008619
0.082505,-0.032459005
0.084307,-0.031835207
0.085949,-0.031151548
0.087411,-0.030438777
0.088699,-0.029696414
0.089821,-0.028895274
0.090787,-0.02802368
0.091613,-0.027103881
0.092291,-0.02614278
0.092821,-0.02514824
0.093214,-0.024101306
0.093478,-0.022994923
0.093598,-0.021846228
0.093556,-0.020666426
0.093361,-0.019450758
0.093027,-0.018201158
0.092551,-0.016891152
0.091914,-0.015552079
0.091127,-0.014162616
0.090212,-0.012755574
0.089162,-0.011318677
0.087982,-0.009843576
0.086656,-0.008333437
0.085217,-0.006778011
0.083669,-0.005225283
0.08198,-0.003652975
0.080143,-0.002049539
0.078202,-0.00042
0.076141,0.001240128
0.073982,0.002881374
0.071677,0.00453332
0.069247,0.006197037
0.066718,0.007887353
0.064063,0.009577488
0.061326,0.011248605
0.058485,0.012920339
0.055591,0.014586378
0.052564,0.016267098
0.049492,0.01793213
0.046306,0.019570688
0.043075,0.021173414
0.03981,0.022765007
0.036453,0.024362065
0.03306,0.025925265
0.029608,0.02744945
0.026089,0.028927382
0.022562,0.030376656
0.018998,0.031818603
0.015406,0.033214432
0.011777,0.034548607
0.008133,0.035828481
0.004483,0.037064768
0.000817,0.038274131
-0.002879,0.039418747
-0.006558,0.040501735
-0.01024,0.041517973
-0.013932,0.042481623
-0.017632,0.043396062
-0.02133,4.43E-02
-0.025031,0.045025
-0.028702,0.045715722
-0.032372,0.046347151
-0.036036,0.046915965
-0.039701,0.047418473
-0.043394,0.047832157
-0.047033,0.048154894
-0.050642,0.048414781
-0.054226,0.048613112
-0.057768,0.048728781
-0.061302,0.048750323
-0.064749,0.048680769
-0.068138,0.048542314
-0.071433,0.048338262
-0.074663,0.048047302
-0.077828,0.047665641
-0.080896,0.047204347
-0.083817,0.046673365
-0.086636,0.046082655
-0.089327,0.045404715
-0.091869,0.044645961
-0.094223,0.043809197
-0.096381,0.042902468
-0.098315,0.041941906
-0.100035,0.040905312
-0.101526,0.039815035
-0.102815,0.038652808
-0.103874,0.037457024
-0.104685,0.036212481
-0.105261,0.034918267
-0.105582,0.033565304
-0.105619,0.032183319
-0.105344,0.030771148
-0.104745,0.029315862
-0.103831,0.02782068
-0.102624,0.026309174
-0.10111,0.024764164
-0.099335,0.023208017
-0.09728,0.021625529
-0.094996,0.020020829
-0.092531,0.018407247
-0.089863,0.016742359
-0.087006,0.015075521
-0.083986,0.013403482
-0.080824,0.011727279
-0.077528,0.010042292
-0.074133,0.008330385
-0.070616,0.006621328
-0.067024,0.00490746
-0.063377,0.003225148
-0.059645,0.001542991
-0.055816,-0.000152
-0.051975,-0.00183133
-0.048045,-0.003494706
-0.044072,-0.005135444
-0.040039,-0.006769735
-0.035972,-0.008410182
-0.031871,-0.010051408
-0.027763,-0.011641515
-0.023644,-0.013180455
-0.019498,-0.014698353
-0.015402,-0.016196438
-0.011307,-0.017679598
-0.007213,-0.019110715
-0.003129,-0.020499947
0.000928,-0.021858227
0.004939,-0.023188954
0.008961,-0.024484208
0.012966,-0.025745681
0.016954,-0.026955165
0.020898,-0.028114712
0.024827,-0.029225033
0.028715,-0.030275542
0.032546,-0.0312843
0.036308,-0.032239146
0.04,-0.033122983
0.04363,-0.03394106
0.047157,-0.034719477
0.050624,-0.035442433
0.053938,-0.036101711
0.057139,-0.03667426
0.060254,-0.037171254
0.063202,-0.037624201
0.066056,-0.038023781
0.068766,-0.038346009
0.071341,-0.038579552
0.073808,-0.038745069
0.076127,-0.038866996
0.078325,-0.038925734
0.080377,-0.038893811
0.082295,-0.03878111
0.084072,-0.038614532
0.085698,-0.038402302
0.087183,-0.038113215
0.088536,-0.037732748
0.089724,-0.03727727
0.090747,-0.036771348
0.09162,-0.036198995
0.092342,-0.035566813
0.092905,-0.034869233
0.093293,-0.034098382
0.093502,-0.033267555
0.093548,-0.032381499
0.09343,-0.031439666
0.093136,-0.030430064
0.092674,-0.02935683
0.092046,-0.028236193
0.091274,-0.027064577
0.090358,-0.025850957
0.089298,-0.024569372
0.088116,-0.023246315
0.086791,-0.021860639
0.085354,-0.020441324
0.083787,-0.018997074
0.082088,-0.0175113
0.080263,-0.01596763
0.078323,-0.014383688
0.076253,-0.012774009
0.074047,-0.011150515
0.071747,-0.009482813
0.069315,-0.007775591
0.066794,-0.006048693
0.064153,-0.004295053
0.061416,-0.002532652
0.058616,-0.000738
0.055714,0.001082245
0.052716,0.002915657
0.049651,0.004745869
0.046535,0.006585184
0.043332,0.008443349
0.040069,0.010299228
0.036728,0.012155867
0.033303,0.014010311
0.029864,0.015840608
0.026375,0.017673686
0.022833,0.019492393
0.019204,0.021295721
0.015584,0.023086848
0.011902,0.024840778
0.008194,0.02656854
0.004495,0.028280576
0.000731,0.029955327
-0.003026,0.031607115
-0.006779,0.033201361
-0.010536,0.034753864
-0.014314,0.036267629
-0.018048,0.037739867
-0.021777,0.039183605
-0.02551,0.040541835
-0.029198,0.04184429
-0.032864,0.043088271
-0.036535,0.044294792
-0.040146,0.045429983
-0.043757,0.046493064
-0.047318,0.047470654
-0.050871,0.048385412
-0.054374,0.04924136
-0.057845,0.050019462
-0.061237,0.050707788
-0.064585,0.051312347
-0.067887,0.051847003
-0.071101,0.052304691
-0.074245,0.052676522
-0.077249,0.052951683
-0.080192,0.053136657
-0.083064,0.053241306
-0.085812,0.05326836
-0.088421,0.053199226
-0.090886,0.05303599
-0.093224,0.052789481
-0.095377,0.052457228
-0.097365,0.052042511
-0.099116,0.051544255
-0.100651,0.050962081
-0.101943,0.050295732
-0.10301,0.049553297
-0.103821,0.048739855
-0.104374,0.047852283
-0.104663,0.046884808
-0.10469,0.045853404
-0.104457,0.044760246
-0.103969,0.04360991
-0.103227,0.042412577
-0.102211,0.041155376
-0.100941,0.039837545
-0.099401,0.038474362
-0.09762,0.037055273
-0.095604,0.035596143
-0.093324,0.034106623
-0.090819,0.032587202
-0.088099,0.031035564
-0.085215,0.029456834
-0.082142,0.027879268
-0.078893,0.026279901
-0.075536,0.024628921
-0.072071,0.022962249
-0.068522,0.021262089
-0.064865,0.019572928
-0.061155,0.017899796
-0.057341,0.016209776
-0.05353,0.014474269
-0.04963,0.01272855
-0.045684,0.011005328
-0.041703,0.009302682
-0.037728,0.0075613
-0.033765,0.005822482
-0.029772,0.004086532
-0.025827,0.002372546
-0.021886,0.000657
-0.017952,-0.001042209
-0.014047,-0.002751963
-0.01013,-0.004416744
-0.006259,-0.00602838
-0.00238,-0.007619754
0.001498,-0.009220828
0.005317,-0.010825044
0.009115,-0.012403915
0.0129,-0.013947941
0.016681,-0.01546465
0.020395,-0.01695116
0.024068,-0.018417405
0.02769,-0.019855376
0.031297,-0.021255205
0.03482,-0.022623698
0.038305,-0.023949125
0.041766,-0.02524249
0.045127,-0.026489771
0.04839,-0.027681789
0.051611,-0.028824458
0.054715,-0.02992732
0.057734,-0.030988399
0.060624,-0.032015309
0.06339,-0.032996202
0.066059,-0.033909225
0.068589,-0.034754714
0.070975,-0.035550533
0.073213,-0.036300519
0.075289,-0.036975244
0.077228,-0.037582935
0.078983,-0.038141218
0.08057,-0.038652002
0.082001,-0.039098719
0.08328,-0.039474155
0.084396,-0.039774839
0.085357,-0.040011372
0.086184,-0.040195289
0.086848,-0.040320495
0.08738,-0.040371257
0.087774,-0.040347741
0.088051,-0.04026253
0.088213,-0.040120857
0.088244,-0.039919777
0.088142,-0.039656788
0.087918,-0.039321164
0.087566,-0.038914245
0.087083,-0.038453626
0.08647,-0.037928702
0.085713,-0.037339215
0.084837,-0.036680003
0.083824,-0.035956688
0.082677,-0.03518503
0.081391,-0.034368232
0.079987,-0.033477838
0.078469,-0.032519791
0.076833,-0.031487877
0.075099,-0.030422054
0.07324,-0.029296871
0.071276,-0.028115237
0.069212,-0.026864445
0.06705,-0.025568836
0.06483,-0.024231016
0.062485,-0.022841961
0.060092,-0.021414721
0.057609,-0.019918593
0.055061,-0.018391746
0.052456,-0.016837662
0.049788,-0.015255879
0.047077,-0.01360648
0.0443,-0.011939469
0.041469,-0.010223238
0.038612,-0.008483989
0.035687,-0.006740059
0.032709,-0.004970527
0.029696,-0.003173264
0.026642,-0.001330982
0.023557,0.000507
0.020419,0.002342821
0.017248,0.004208806
0.014016,0.006099244
0.010801,0.00799629
0.007532,0.009889695
0.004256,0.011763432
0.000965,0.013654859
-0.002338,0.015544452
-0.005628,0.017437862
-0.008907,0.019288614
-0.012206,0.02112712
-0.015479,0.02293299
-0.018764,0.024745923
-0.022043,0.026541992
-0.025333,0.02829628
-0.02859,0.030008586
-0.031864,0.031682188
-0.035112,0.03333471
-0.038339,0.034955696
-0.041567,0.03652653
-0.044762,0.038039274
-0.047948,0.039494041
-0.051073,0.040912815
-0.054161,0.042282136
-0.057201,0.043586378
-0.060155,0.044834334
-0.063052,0.045997159
-0.065846,0.047117236
-0.06854,0.048172353
-0.071147,0.049147544
-0.073632,0.050037543
-0.076004,0.050851348
-0.078279,0.051596901
-0.080445,0.052268721
-0.082481,0.052848471
-0.084423,0.053336709
-0.08625,0.053734952
-0.087908,0.054056503
-0.089413,0.05428999
-0.090741,0.054429794
-0.091845,0.054468585
-0.092704,0.054416038
-0.093308,0.054279624
-0.09364,0.054059717
-0.093705,0.053740379
-0.093514,0.053326218
-0.093078,0.052828286
-0.092411,0.052250158
-0.091518,0.051592165
-0.090419,0.050846928
-0.089125,0.050031959
-0.087633,0.049137883
-0.085964,0.048175675
-0.084142,0.047146899
-0.082152,0.046042754
-0.080024,0.044881004
-0.077739,0.04365878
-0.075304,0.042386118
-0.072747,0.041052855
-0.070052,0.039697503
-0.067186,0.038267073
-0.064193,0.036811164
-0.061083,0.035312203
-0.057814,0.033791148
-0.054466,0.032229881
-0.051001,0.030636363
-0.047457,0.029016606
-0.043864,0.027365926
-0.040201,0.025707763
-0.036507,0.024031815
-0.032757,0.022339758
-0.029039,0.020646943
-0.02535,0.018926312
-0.021639,0.017230711
-0.017974,0.015528126
-0.014343,0.013813067
-0.010765,0.012072493
-0.007229,0.010359742
-0.003683,0.008651934
-0.000214,0.006944889
0.00325,0.005240754
0.006709,0.003528238
0.010109,0.001819868
0.013516,0.00013
0.016864,-0.001555603
0.020206,-0.003196227
0.023531,-0.004813437
0.026815,-0.006396278
0.030036,-0.008003111
0.03322,-0.009580082
0.036357,-0.011124157
0.039446,-0.012647815
0.042481,-0.014150767
0.045433,-0.015640337
0.048297,-0.017093187
0.051055,-0.018478452
0.053712,-0.019820983
0.056239,-0.021140063
0.05866,-0.022450648
0.060982,-0.023734108
0.063198,-0.024958749
0.0653,-0.026136925
0.067296,-0.027261259
0.069172,-0.028357917
0.070963,-0.029397463
0.072627,-0.030390209
0.074151,-0.03136124
0.075547,-0.032269328
0.076802,-0.033098983
0.077902,-0.033863731
0.078841,-0.034571579
0.079607,-0.035223382
0.080226,-0.035820151
0.080719,-0.036366109
0.08108,-0.036867381
0.081287,-0.037312116
0.08136,-0.03768594
0.081322,-0.037973744
0.081177,-0.038191279
0.080901,-0.038349304
0.080487,-0.03844803
0.079958,-0.038485771
0.079326,-0.038460527
0.078585,-0.038376589
0.077735,-0.038227259
0.076775,-0.038007515
0.075699,-0.037711312
0.074517,-0.037345616
0.073238,-0.036921188
0.071865,-0.036441136
0.07039,-0.035899986
0.068792,-0.03529482
0.067096,-0.034623245
0.065309,-0.033897791
0.063418,-0.033111966
0.061438,-0.032252642
0.059363,-0.031347012
0.057196,-0.030387203
0.054958,-0.02936766
0.052606,-0.028301664
0.050183,-0.027167188
0.047679,-0.025980822
0.045091,-0.024749885
0.04246,-0.023470082
0.039733,-0.0221351
0.036961,-0.020748924
0.03411,-0.01932469
0.031222,-0.01786173
0.028245,-0.016339584
0.025255,-0.014786079
0.022168,-0.01318566
0.019052,-0.011545386
0.015901,-0.009877379
0.012692,-0.008166559
0.009451,-0.006433516
0.006152,-0.00468117
0.002861,-0.002887682
-0.000487,-0.00108594
-0.003863,0.000744
-0.007257,0.002593113
-0.010647,0.004449805
-0.014093,0.006324207
-0.017527,0.008208338
-0.020966,0.010106428
-0.024406,0.011992713
-0.027867,0.01387609
-0.031274,0.015765785
-0.034702,0.017662398
-0.038057,0.019530323
-0.04139,0.021387856
-0.044699,0.023211411
-0.04797,0.025033006
-0.051164,0.026813522
-0.05433,0.028573936
-0.057429,0.030308104
-0.060468,0.032001684
-0.063485,0.033684491
-0.066433,0.035299388
-0.069302,0.036864865
-0.072142,0.038388177
-0.074946,0.039856592
-0.077637,0.041274022
-0.080223,0.042652138
-0.082663,0.04394593
-0.084946,0.04517601
-0.087028,0.046348048
-0.088885,0.047441283
-0.090509,0.048458086
-0.091893,0.049403499
-0.093073,0.050265677
-0.094055,0.051056291
-0.09485,0.051765946
-0.095455,0.052397704
-0.095861,0.052938642
-0.096067,0.053388458
-0.096058,0.053750403
-0.09581,0.054028493
-0.095297,0.054222188
-0.094504,0.054316442
-0.09345,0.054320365
-0.092158,0.054233378
-0.090629,0.054065544
-0.08888,0.053808576
-0.086936,0.053453479
-0.084825,0.053010755
-0.082532,0.052486734
-0.080114,0.051879646
-0.077545,0.051200256
-0.074872,0.050432918
-0.072082,0.049586493
-0.069171,0.048657806
-0.066173,0.047663096
-0.063049,0.046604371
-0.059852,0.04547386
-0.056559,0.044297317
-0.053234,0.043050926
-0.049819,0.041758588
-0.046346,0.040405911
-0.042817,0.039014059
-0.039244,0.037556048
-0.035596,0.036078341
-0.031878,0.034556651
-0.02808,0.033008349
-0.024266,0.031419293
-0.020431,0.029801314
-0.016545,0.028149608
-0.012642,0.02647294
-0.008722,0.024780574
-0.004798,0.023056204
-0.00085,0.021306145
0.003071,0.019537314
0.006954,0.017781857
0.010856,0.016016148
0.014722,0.014220366
0.018529,0.01241694
0.022295,0.010635411
0.026035,0.008867483
0.029731,0.007075929
0.033356,0.005312522
0.036945,0.003528726
0.040456,0.001774726
0.043936,0.0000391
0.047343,-0.001646561
0.050666,-0.003354209
0.053954,-0.005048472
0.057171,-0.006718886
0.060354,-0.008345186
0.063442,-0.009947682
0.066473,-0.011557752
0.069402,-0.013151042
0.072249,-0.014724171
0.074957,-0.016238481
0.077554,-0.017697228
0.07999,-0.019113242
0.082249,-0.020518282
0.084333,-0.021909047
0.086224,-0.02323599
0.08793,-0.024534691
0.089429,-0.025781219
0.090747,-0.027001319
0.091867,-0.028172481
0.09279,-0.029289535
0.093551,-0.030361504
0.094144,-0.031382452
0.094598,-0.032351989
0.094921,-0.033258067
0.095098,-0.034107024
0.095129,-0.034902584
0.09502,-0.03562556
0.094764,-0.036298702
0.09435,-0.036925092
0.093786,-0.037494182
0.093075,-0.037992047
0.092234,-0.038412445
0.091248,-0.038764805
0.090111,-0.039061745
0.088821,-0.03930215
0.087411,-0.03947646
0.085869,-0.039574625
0.084195,-0.039613744
0.082411,-0.039587477
0.080506,-0.039492069
0.078474,-0.039320956
0.076329,-0.039084713
0.07409,-0.038787483
0.07173,-0.038433618
0.069284,-0.03800914
0.066751,-0.037518945
0.064132,-0.036951718
0.061421,-0.036329898
0.05861,-0.035643312
0.055701,-0.034903317
0.052746,-0.034102486
0.049683,-0.033235787
0.046565,-0.03231075
0.043366,-0.031329921
0.040108,-0.030298453
0.036789,-0.029199775
0.033405,-0.028052177
0.03,-0.026839737
0.026513,-0.025598853
0.023004,-0.024306788
0.019475,-0.022959205
0.015961,-0.02155982
0.012394,-0.020124476
0.008831,-0.018647728
0.005263,-0.017125759
0.001722,-0.015577989
-0.001866,-0.013961774
-0.005428,-0.012336174
-0.009005,-0.010682139
-0.01259,-0.008997489
-0.016189,-0.007267782
-0.0198,-0.005521809
-0.023392,-0.003770472
-0.027006,-0.001988196
-0.03063,-0.000196
-0.034207,0.001635232
-0.037783,0.003462638
-0.041351,0.005278431
-0.044913,0.007110377
-0.048428,0.008944877
-0.051918,0.010788273
-0.055364,0.012611634
-0.058756,0.014444136
-0.062121,0.01623639
-0.065402,0.018035945
-0.068649,0.01982966
-0.071795,0.021596994
-0.074852,0.023339842
-0.077847,0.025046909
-0.0808,0.026721055
-0.083658,0.028368758
-0.086428,0.029996802
-0.089116,0.031565073
-0.091706,0.033096518
-0.094197,0.034575199
-0.096515,0.036012191
-0.098614,0.037399371
-0.1005,0.038721046
-0.102132,0.039992443
-0.103476,0.04119397
-0.104533,0.042338641
-0.105311,0.043418429
-0.10581,0.044438855
-0.106047,0.045383431
-0.106035,0.046246382
-0.105781,0.047049606
-0.105268,0.047776829
-0.104492,0.0484414
-0.103456,0.04901901
-0.102136,0.049514479
-0.100531,0.049931948
-0.098679,0.050269363
-0.096608,0.05052229
-0.094337,0.050689579
-0.091895,0.050773757
-0.089282,0.050782579
-0.08656,0.050708816
-0.083669,0.050555496
-0.080575,0.050318422
-0.077363,0.050012568
-0.073999,0.049625196
-0.070503,0.049170285
-0.066903,0.04863917
-0.063243,0.048023703
-0.059539,0.047339995
-0.055755,0.046585929
-0.051964,0.045770519
-0.048121,0.044912368
-0.044254,0.043991317
-0.040376,0.042997815
-0.03644,0.041948169
-0.032489,0.040842042
-0.028499,0.039689451
-0.024462,0.03850854
-0.020446,0.037281625
-0.016364,0.036014271
-0.012284,0.034704329
-0.008163,0.033364246
-0.004077,0.031995454
-0.000013,0.030606797
0.00401,0.029167848
0.00793,0.027705683
0.011808,0.026221819
0.015667,0.024745922
0.019492,0.023243226
0.023297,0.021714509
0.027091,0.02017748
0.03083,0.018631264
0.034512,0.017090661
0.038146,0.015542937
0.041705,0.013982844
0.045206,0.012433644
0.048661,0.010894232
0.052032,0.009347928
0.055321,0.007827358
0.058525,0.006276031
0.061643,0.00475371
0.06467,0.003227492
0.067577,0.001709123
0.070369,0.000194
0.073027,-0.001298181
0.075589,-0.002765503
0.078034,-0.004217572
0.080353,-0.005649406
0.082523,-0.007079433
0.084557,-0.008477497
0.086431,-0.009860417
0.088142,-0.011222113
0.08968,-0.012554771
0.091045,-0.013858999
0.092222,-0.015136414
0.093249,-0.016397605
0.094107,-0.017632494
0.094789,-0.018819295
0.095296,-0.019962268
0.095645,-0.021076478
0.095849,-0.022150499
0.095908,-0.02317721
0.095832,-0.024151246
0.095619,-0.025089391
0.095261,-0.025999578
0.094761,-0.026881985
0.094131,-0.027698016
0.093365,-0.028445365
0.092452,-0.029144684
0.09139,-0.029810389
0.090185,-0.030422743
0.088838,-0.030974158
0.087344,-0.031455316
0.085718,-0.031885242
0.083961,-0.032255395
0.082087,-0.032570526
0.080108,-0.0328228
0.078014,-0.033025896
0.075792,-0.033174346
0.073445,-0.033261713
0.070995,-0.033286599
0.068444,-0.033243941
0.065813,-0.033145794
0.063052,-0.032989386
0.060175,-0.032772489
0.057226,-0.032496755
0.054164,-0.032162602
0.051017,-0.031765866
0.047797,-0.031307652
0.044509,-0.030794366
0.041127,-0.030230008
0.037639,-0.029600061
0.034126,-0.028907621
0.030541,-0.028152924
0.026884,-0.027354796
0.023177,-0.026498753
0.019421,-0.025585947
0.015575,-0.024618395
0.0117,-0.023593539
0.007826,-0.022518749
0.003878,-0.021378488
-0.000097,-0.020189594
-0.004078,-0.018962246
-0.008106,-0.017675173
-0.012178,-0.016340677
-0.016236,-0.01495818
-0.020341,-0.013534948
-0.024475,-0.012077289
-0.028607,-0.010570539
-0.032742,-0.00902615
-0.0369,-0.007449668
-0.041056,-0.005850433
-0.045185,-0.004207432
-0.04931,-0.002534031
-0.053409,-0.00084
-0.057385,0.000874
-0.061275,0.002604406
-0.065076,0.004353665
-0.068735,0.006108136
-0.072282,0.007871504
-0.075653,0.009651301
-0.078908,0.011430209
-0.082005,0.013211234
-0.084946,0.014999109
-0.08777,0.016786495
-0.090435,0.018560791
-0.09294,0.020328457
-0.09526,0.022075889
-0.097386,0.023800051
-0.09929,0.025510539
-0.100945,0.0271879
-0.102346,0.028839596
-0.103479,0.030458548
-0.104361,0.032061735
-0.104989,0.03362678
-0.10535,0.035146932
-0.105437,0.036624653
-0.10525,0.038056124
-0.104782,0.039431353
-0.104039,0.040749844
-0.103029,0.042030743
-0.101744,0.043261039
-0.100202,0.044422913
-0.09843,0.045519678
-0.096462,0.046564154
-0.094283,0.047533046
-0.091935,0.048418314
-0.089459,0.04922636
-0.086871,0.049963549
-0.084167,0.050621758
-0.081375,0.051196705
-0.078489,0.051687136
-0.075548,0.052087791
-0.072514,0.052404952
-0.069415,0.052635159
-0.066268,0.052783913
-0.06306,0.052842223
-0.059743,0.052814532
-0.056352,0.052698562
-0.052919,0.052498253
-0.049411,0.052214355
-0.045819,0.051835703
-0.042153,0.051373214
-0.038465,0.050826943
-0.034749,0.05020544
-0.03095,0.049516578
-0.027152,0.048750286
-0.023308,0.047898305
-0.019475,0.046972963
-0.015623,0.045983986
-0.011773,0.044930834
-0.007911,0.043825158
-0.00405,0.042644713
-0.000198,0.041402787
0.003664,0.040086124
0.007494,0.03874743
0.01135,0.037348337
0.015203,0.035916111
0.019022,0.034452335
0.022839,0.032943481
0.026669,0.031404365
0.030457,0.029841509
0.034232,0.028222175
0.037953,0.026594913
0.041634,0.024953909
0.045204,0.023298379
0.048609,0.021629908
0.051868,0.019928293
0.05494,0.018228601
0.057909,0.016520299
0.060699,0.014828643
0.063358,0.013134106
0.06593,0.011447886
0.068382,0.009735659
0.07076,0.008033608
0.073027,0.006339257
0.075218,0.004657582
0.07729,0.002992185
0.079234,0.001320795
0.081044,-0.000347
0.082723,-0.001952869
0.084248,-0.003539932
0.085584,-0.005117754
0.086742,-0.006677897
0.087716,-0.008219593
0.088512,-0.009732793
0.08914,-0.011215533
0.089598,-0.012677415
0.089899,-0.014116633
0.090056,-0.015549063
0.090079,-0.016933648
0.089962,-0.01828963
0.08969,-0.019581649
0.08927,-0.020838543
0.08872,-0.022070233
0.088022,-0.02329045
0.087177,-0.024458786
0.086199,-0.025571429
0.085122,-0.026629554
0.083945,-0.02765703
0.082635,-0.028652667
0.081208,-0.029571994
0.079684,-0.030430554
0.078067,-0.031245937
0.076348,-0.032026668
0.074535,-0.032746237
0.072635,-0.033403492
0.070634,-0.034014096
0.068549,-0.034578707
0.066347,-0.035087263
0.064049,-0.035537859
0.061669,-0.035925107
0.059184,-0.036254858
0.056629,-0.036522979
0.053979,-0.036726168
0.051252,-0.036880824
0.048431,-0.036984967
0.045538,-0.03703064
0.042581,-0.037013093
0.039571,-0.036930578
0.036465,-0.036792008
0.033312,-0.036597855
0.030081,-0.03633814
0.026801,-0.036019358
0.023459,-0.035640383
0.020094,-0.03520076
0.016635,-0.034709121
0.013136,-0.03416486
0.009593,-0.033556849
0.005999,-0.032889246
0.00236,-0.032161929
-0.001306,-0.031373955
-0.005006,-0.030528905
-0.008729,-0.029621821
-0.012482,-0.028657532
-0.01629,-0.027648619
-0.020106,-0.026583089
-0.023955,-0.025461276
-0.02783,-0.024291019
-0.031726,-0.023058604
-0.035615,-0.021779547
-0.039535,-0.020434692
-0.043462,-0.019063268
-0.047371,-0.017634938
-0.051227,-0.016178018
-0.05505,-0.014660112
-0.058873,-0.013105021
-0.062576,-0.011524981
-0.066221,-0.009914408
-0.069783,-0.008239659
-0.073228,-0.006538896
-0.076531,-0.004837332
-0.079745,-0.003101613
-0.082834,-0.001344645
-0.08576,0.000441
-0.088539,0.002244895
-0.091162,0.004048706
-0.093639,0.005863849
-0.095911,0.007678817
-0.098008,0.009500594
-0.09991,0.011330753
-0.101592,0.013168674
-0.103012,0.014996806
-0.104109,0.01682809
-0.104896,0.018642593
-0.105352,0.020448832
-0.105489,0.022228087
-0.10531,0.023974627
-0.104841,0.025690561
-0.104084,0.02740421
-0.10305,0.029085294
-0.101759,0.030718032
-0.100235,0.032322229
-0.098474,0.033888576
-0.09651,0.035413522
-0.09439,0.036903909
-0.092117,0.038345154
-0.089701,0.039707014
-0.087176,0.041022994
-0.084529,0.042292775
-0.081754,0.043516539
-0.078849,0.044679778
-0.075822,0.045769667
-0.072663,0.046785443
-0.0694,0.047742002
-0.066015,0.048630199
-0.062546,0.04944571
-0.058999,0.050170659
-0.055334,0.050818562
-0.05163,0.051399547
-0.047835,0.051906609
-0.044001,0.052326827
-0.040126,0.05265131
-0.036211,0.052882785
-0.032321,0.053041658
-0.028424,0.053124188
-0.024527,0.053114471
-0.020637,0.053006476
-0.016771,0.052802889
-0.012868,0.052514838
-0.008976,0.052147266
-0.005078,0.05169453
-0.001184,0.051154786
0.002661,0.050536611
0.006469,0.049839731
0.010252,0.049086147
0.01398,0.048258275
0.017646,0.047357592
0.02126,0.046377714
0.024862,0.045329894
0.028401,0.044228261
0.031925,0.043072824
0.035426,0.041871839
0.038862,0.040600498
0.042277,0.039267747
0.045567,0.037900684
0.048791,0.036499514
0.051924,0.035057833
0.054925,0.033590939
0.057857,0.032096113
0.060676,0.030585684
0.063375,0.029043475
0.065985,0.027460812
0.068492,0.025856965
0.070856,0.024245842
0.073125,0.022618684
0.075269,0.020996109
0.077302,0.019364608
0.079174,0.017720725
0.080906,0.016067177
0.082464,0.01441874
0.08385,0.012765908
0.085069,0.011113385
0.08613,0.009463875
0.087039,0.00783477
0.087811,0.006216849
0.088455,0.004608092
0.088976,0.002987114
0.089381,0.001398215
0.089675,-0.000161
0.089841,-0.001707503
0.08987,-0.003244409
0.089762,-0.004762867
0.089506,-0.006265397
0.089097,-0.007731038
0.088542,-0.009153398
0.087834,-0.01055741
0.086974,-0.011945594
0.085986,-0.013327298
0.084882,-0.014649461
0.083667,-0.015938289
0.082332,-0.01717413
0.080886,-0.018384124
0.079309,-0.019575663
0.077628,-0.02071548
0.075839,-0.021810989
0.073918,-0.022860896
0.071883,-0.023888151
0.069759,-0.024873378
0.067505,-0.025807569
0.06516,-0.026674027
0.062734,-0.027499012
0.060213,-0.028292693
0.057594,-0.029030348
0.054893,-0.029714345
0.052118,-0.030337877
0.049266,-0.030900451
0.046372,-0.031413726
0.043389,-0.031882268
0.040342,-0.032294148
0.03725,-0.032646937
0.034103,-0.032935419
0.030917,-0.033166466
0.027717,-0.033347275
0.024452,-0.033466596
0.021159,-0.033517566
0.017845,-0.033510614
0.014466,-0.033453177
0.011084,-0.033354012
0.007666,-0.03319389
0.004216,-0.03295541
0.000739,-0.032655518
-0.002773,-0.032306097
-0.006307,-0.031910608
-0.009873,-0.031447668
-0.013467,-0.030929007
-0.017118,-0.030347028
-0.020819,-0.029718278
-0.024542,-0.029037581
-0.028326,-0.028296163
-0.03214,-0.027502517
-0.035999,-0.026659411
-0.03985,-0.025759512
-0.043712,-0.02480991
-0.047594,-0.023812504
-0.051475,-0.022754385
-0.055307,-0.021656389
-0.059085,-0.020503166
-0.062748,-0.019316059
-0.066353,-0.018077808
-0.069836,-0.016799101
-0.073207,-0.015471781
-0.076482,-0.014116326
-0.079646,-0.01271374
-0.082742,-0.01127593
-0.085749,-0.009812753
-0.088692,-0.008315197
-0.091528,-0.006794606
-0.094239,-0.005239093
-0.096734,-0.003670422
-0.098963,-0.002069666
-0.100873,-0.000458
-0.10247,0.001167212
-0.103717,0.002806027
-0.104601,0.004459983
-0.105164,0.006099855
