0,0,0
0.000570971322277,-9.08855286516385E-11,0
-0.001046474770733,-3.59246772758356E-10,0
-0.001648656744066,-1.51313178743329E-10,0
0.000122823091512,8.86402363218988E-11,0
0.001718421728782,-1.23979185163889E-09,0
0.000686634323253,-2.2648166108679E-09,0
-0.002827317801628,-1.12264616486986E-07,-9.19806176925192E-07
-0.003249579551222,-8.99093145952299E-08,-1.23272992783789E-06
-0.002551929704067,6.59920702132198E-07,1.39867434120068E-05
-0.00018212332852,1.06407332148535E-06,1.45556956863935E-05
-0.001602758727806,-1.96219025338124E-06,-4.23395317522782E-05
-0.004553083213012,-5.70109008942609E-06,-4.91605109191424E-05
-0.006168693385371,1.19098114881846E-06,7.30172961491414E-05
-0.00638900386342,-1.09335974317761E-05,-0.000335284855439
-0.001604594648457,1.02502475922901E-05,0.000567754250548
-0.002037871921953,2.64554009286724E-06,0.000369892278369
-0.007251886569111,1.51313178743329E-05,0.000940867936695
-0.008463594198381,3.84628338224979E-05,0.001318224774079
-0.00499370416911,2.01100095620167E-05,0.000672391827949
-0.004406209560979,1.64003961476641E-07,0.00052858724409
-0.005874946081305,4.666303189633E-05,0.001775427899523
-0.007417119427648,5.31060446686266E-05,0.001722377841205
-0.009473350556105,3.02626357486659E-05,0.00109863290251
-0.009454991349601,3.18245782389196E-05,0.001391163222925
-0.00796789562277,4.20748258312097E-05,0.001669251590696
-0.006994857678054,5.67180366773383E-05,0.002030278596964
-0.009436632143097,5.15441021783728E-05,0.002134572384953
-0.013347143128466,3.95366692845473E-05,0.001973917757949
-0.012649493281311,3.59246772758356E-05,0.001989228026589
-0.010060845164236,4.91035670373514E-05,0.002408427415914
-0.009142884839032,7.36065398532067E-05,0.003073367628512
-0.011437785652042,5.52537155927254E-05,0.002772660847549
-0.015623684734972,4.64677890850482E-05,0.002762358781304
-0.015054549333345,5.68156580829792E-05,0.003240146410385
-0.01165809613009,6.57968274019381E-05,0.00361697440663
-0.01017100040326,8.12210094931936E-05,0.004240695733806
-0.012924881378872,6.98969264388541E-05,0.004171760101274
-0.017202576494322,6.45277491286069E-05,0.004240897522213
-0.016101024104078,6.82373625429595E-05,0.004543415278265
-0.012135435499197,8.51258657188279E-05,0.00521021648634
-0.011015523902448,0.000104454904036,0.005943479332809
-0.013989715356109,7.37041612588475E-05,0.005459433228709
-0.016596722679688,7.07755190896218E-05,0.005592958267351
-0.016284616169118,0.000108359760261,0.006694423793584
-0.013310424715458,0.000110312188374,0.006970622149312
-0.010115922783748,8.72735366429268E-05,0.006761921920783
-0.012208872325213,9.67428129900899E-05,0.007361832784927
-0.0166518002992,0.000115193258656,0.008111911964118
-0.016174460930094,0.000102502475923,0.008058860957547
-0.011180756760984,0.000108359760261,0.008594135998559
-0.00778430355773,0.000123979185164,0.009421234247134
-0.011272552793505,0.000123002971107,0.009662501303849
-0.015274859811394,0.000123979185164,0.010083268061864
-0.013567453606515,0.000126907827333,0.010689360592469
-0.008426875785372,0.000135693753841,0.01139418767839
-0.005893305287809,0.000137646181954,0.012095434632125
-0.009950689925211,0.00012788404139,0.012417119299809
-0.012924881378872,0.00013862239601,0.013269031927705
-0.010042485957732,0.000136669967897,0.013660687768474
-0.005838227668297,0.000146432108461,0.014385520638744
-0.004406209560979,0.000158146677138,0.015302809675982
-0.007545633873177,0.000148384536574,0.01550267549807
-0.00917960325204,0.000155218034969,0.01606559355946
-0.006756187993501,0.000162051533364,0.016624477275098
-0.003359734790247,0.00017669474421,0.017299989095081
-0.002258182400002,0.000179623386379,0.017664010449757
-0.004553083213012,0.00017669474421,0.017945945740918
-0.005379247505695,0.000185480670718,0.018532428383133
-0.003414812409759,0.000186456884774,0.018881140180358
-0.000914288483903,0.000203052523733,0.019640560607641
-0.000302926907317,0.000197195239395,0.019890842713144
-0.001235574597725,0.000193290383169,0.020234638762719
-0.001051982532684,0.000198171453451,0.020757389267664
-0.000956514658863,0.000194266597225,0.021084385578956
0.000837179816586,0.000215743306466,0.022066724352106
0.00279059938862,0.000195242811282,0.021962805219189
0.002074590334961,0.000190361741,0.022351128422011
0.001432018107318,0.000204028737789,0.023190090747888
0.002037871921953,0.000200123881564,0.023556016670302
0.003414812409759,0.000203052523733,0.024137774163877
0.004222617495938,0.000191337955056,0.024357587452706
0.004883548930085,0.000196219025338,0.0249928392615
0.005158937027646,0.000197195239395,0.025495801132215
0.003873792572361,0.000191337955056,0.025855620774344
0.004204258289434,0.000206957379959,0.026754468171862
0.006646032754477,0.000193290383169,0.026829363152754
0.007821021970738,0.000191337955056,0.027204523170581
0.006737828786997,0.000204028737789,0.027994252159648
0.004791752897565,0.000203052523733,0.028398816579269
0.005728072429273,0.000210862236184,0.029030882729454
0.008096410068299,0.000200123881564,0.02925198991058
0.009014370393503,0.000203052523733,0.029705298842182
0.007765944351226,0.000218671948636,0.030444833439222
0.005324169886183,0.000223553018918,0.030950349905649
0.006150334178867,0.000226481661087,0.031304433560598
0.008757341502446,0.000220624376748,0.031430365931138
0.009528428175617,0.000233315159482,0.031877139497615
0.007729225938217,0.000253815654666,0.032535623998407
0.005195655440654,0.000260649153061,0.032813076419773
0.006352285450411,0.000256744296835,0.03268874043449
0.008794059915454,0.000268458865512,0.033006011929033
0.008794059915454,0.000284078290415,0.033309602017884
0.00728860498212,0.000293840430979,0.033468174706278
0.00558119877724,0.000309459855882,0.033801433285605
0.005617917190248,0.000309459855882,0.033748101121784
0.007545633873177,0.000308483641825,0.033702474468267
0.008647186263421,0.000325079280784,0.03407655537328
0.006756187993501,0.000336793849461,0.034414014242772
0.004442927973987,0.000346555990025,0.034740732715704
0.00499370416911,0.00032605549484,0.03430660648416
0.006903061645534,0.00032898413701,0.034512913794248
0.007013216884558,0.00035338948842,0.035189663559555
0.005654635603256,0.000346555990025,0.035085100562315
0.004204258289434,0.000350460846251,0.035312161354865
0.003910510985369,0.000332888993235,0.034990964089629
0.004901908136589,0.000337770063517,0.035186996121642
0.005709713222769,0.000361199200871,0.035775123984183
0.00508550020163,0.000348508418138,0.035487506756308
0.003249579551222,0.000355341916533,0.035670890031008
0.002313260019514,0.000341674919743,0.035291175550224
0.003212861138214,0.000350460846251,0.035471544326124
0.004479646386995,0.000369985127379,0.035837912608931
0.004332772734963,0.000361199200871,0.035467899238552
0.002258182400002,0.000370961341435,0.035600920754431
0.000615033417887,0.000356318130589,0.035039596233536
0.001600922807156,0.000371937555492,0.035239011160947
0.003580045268295,0.000392438050676,0.035483295087097
0.00369020050732,0.000381699696056,0.03491734071707
0.001061162135936,0.000395366692845,0.034974043923116
-0.001028115564228,0.000383652124169,0.034354434034725
0.000561791719025,0.00040220019124,0.034491590885385
0.002955832247157,0.000421724472369,0.034582181837147
0.002735521769108,0.000412938545861,0.033964715002323
-4.36949114797089E-05,0.000426605542651,0.033904312184113
-0.002111308747969,0.000419772044256,0.033291019562476
-0.000398394781139,0.000443201181609,0.033416165830623
0.002405056052034,0.000456868178399,0.033260133514134
0.002239823193498,0.000451987108117,0.032643664716425
-0.001327370630245,0.000466630318963,0.03251224764596
-0.003176142725206,0.000465654104907,0.032004576272794
-0.000350660844228,0.000487130814148,0.03203537460766
0.002001153508945,0.000489083242261,0.031612192173113
0.000730696418862,0.000497869168768,0.031347163298785
-0.002148027160977,0.000513488593671,0.031281338839527
-0.003010909866669,0.000503726453107,0.030598948386546
-0.00063155670374,0.000528131804517,0.030792351384925
0.001075849501139,0.000533989088855,0.030513069781997
0.000165600042667,0.000544727443476,0.030318226860237
-0.00220310478049,0.000556442012153,0.030171350408223
-0.002864036214636,0.000553513369984,0.029643508728676
-0.000381871495285,0.000583776005732,0.029918794390131
0.000965694262115,0.000586704647902,0.02944623258769
-0.00022398231935,0.00060622892903,0.029331042984344
-0.001718421728782,0.000625753210158,0.029141449121443
-0.001432018107318,0.000626729424214,0.028467616658923
0.000391051098537,0.000660896916189,0.028580842428668
0.00085370310244,0.000671635270809,0.02803695060546
0.000326793875773,0.000696040622219,0.027811097888239
0.000216638636748,0.00071751733146,0.027503244924472
0.000523237385366,0.000723374615799,0.026818989730412
0.001369596805204,0.000754613465604,0.026803501901249
0.001714749887481,0.000773161532676,0.026418122078193
0.002001153508945,0.000800495526255,0.026296614733967
0.002753880975612,0.000813186308988,0.025867624244953
0.003084346692685,0.000822948449552,0.025331984126232
0.003102705899189,0.000860044583696,0.02547485420598
0.003084346692685,0.000880545078881,0.025200698863044
0.00458980162602,0.000901045574065,0.024947929013721
0.006517518308948,0.000917641213024,0.024607501635738
0.005966742113826,0.000942046564434,0.024452534682382
0.004938626549597,0.000974261628296,0.024441782906777
0.005911664494314,0.00099509891733,0.024142141820837
0.008445234991877,0.001026045879132,0.02412555212077
0.010134281990252,0.001046801166185,0.023829657111429
0.009197962458544,0.001075039133981,0.023699695136406
0.008188206100819,0.001111735996575,0.023750179219967
0.009399913730089,0.001138291947552,0.023535012374712
0.012429182803262,0.001171361198713,0.023480959538011
0.014393617899198,0.001200221014862,0.023299003859393
0.013181910269929,0.001236701157936,0.023275933318794
0.011786610575619,0.001276438927316,0.023317026845065
0.013347143128466,0.00130570875337,0.023052089003101
0.017037343635786,0.001347004560384,0.023085651971894
0.01894334137742,0.001389053028436,0.023097755483278
0.017367809352859,0.001428577983152,0.023036288724314
0.015843995213021,0.001468780430423,0.022967352096115
0.017881867134973,0.001510216812261,0.022875215016547
0.021923499573194,0.001560770057172,0.023002082839451
0.023568576271992,0.001611006032515,0.023086127995297
0.021770181839679,0.001653292696796,0.022967007879989
0.020376038775379,0.001700899727685,0.022955125311739
0.022788108044298,0.001753138894272,0.022992593663768
0.026812758216502,0.001813669046839,0.023232987852869
0.02825312976278,0.001871534135033,0.023347079852452
0.026544401695032,0.001917381051978,0.023177021440018
0.025278717998641,0.001975160233335,0.023261789165252
0.027751776551566,0.002041652125145,0.023466584010545
0.031876539476838,0.002112284140768,0.023770036602596
0.033078957347616,0.00217322918431,0.023757351811639
0.031396299353104,0.002227975268593,0.023593945873674
0.030574174085852,0.002306860197849,0.023957704562049
0.03295016751399,0.002378187277881,0.024016557933565
0.03658464782957,0.002457392405348,0.024254090766853
0.037979470184511,0.002534200927306,0.024361640289407
0.036774463665616,0.002596926585286,0.024083829428108
0.035696613010968,0.002687803328011,0.024468746503314
0.03774887855082,0.002774757642658,0.024647343467006
0.041685863511968,0.002861760768007,0.02481145964706
0.043209622574187,0.002944260617914,0.024846822875675
0.041693078680124,0.003019568698868,0.024672602103227
0.040789677205677,0.003127167012165,0.025270037076723
0.043236959432671,0.003221615722123,0.025435091079777
0.046803657557838,0.0033114196056,0.025476381842837
0.047946408007478,0.003407664549421,0.025685193017059
0.046840320893227,0.003500899825307,0.025741889111202
0.046543636116121,0.00361500460529,0.026280890789611
0.048719440756539,0.003718158215988,0.026486873796903
0.051563722464977,0.003818967936737,0.02657886437126
0.052989865626214,0.003930832305461,0.026899163640157
0.05245768730728,0.004041730222269,0.027114334278426
0.052338389183417,0.004162739764274,0.027511060432214
0.054165974754072,0.004281832998085,0.027730486359369
0.056509288794633,0.004401452411273,0.027901371174981
0.058081222414719,0.004528556457632,0.028175308419545
0.058247281437548,0.004658023918221,0.028387209478745
0.058412147111955,0.004793063608644,0.028687373526651
0.059420453092365,0.00493020508793,0.028980281062424
0.061191198559684,0.005064256849728,0.029100776619855
0.063589553501344,0.005205726862141,0.029323075755995
0.064391520359855,0.005355018301573,0.029715126070342
0.064043815347874,0.005499339835244,0.029927549143253
0.064526956226236,0.005648624441178,0.030189315076287
0.066505913454517,0.005802744235334,0.030519496097936
0.069150905976353,0.005956990937317,0.030785933129143
0.070212967713408,0.006115014611484,0.031099532985008
0.069870127891151,0.00627138946011,0.031332863157496
0.069879509445674,0.006440536117236,0.031808253600994
0.071658277886235,0.006606019043008,0.032153631812018
0.074728286038641,0.006766068361342,0.032274231677366
0.076197610053575,0.006937825414854,0.032664261262884
0.075547657424918,0.007112727830057,0.033063207752923
0.074961227650764,0.00729234731158,0.033542274102241
0.076837208089764,0.007463550851722,0.033754632693894
0.080279889774996,0.007635733534564,0.033937193358431
0.081778276413827,0.007821970771175,0.034463744464569
0.080754622136779,0.008009014360597,0.034910045800658
0.079820744379536,0.008194570199797,0.035307570858265
0.081779947101618,0.008376075726877,0.035506248044227
0.085346847178057,0.008561073171637,0.035729565130812
0.086766766568289,0.008761864783615,0.036279639094607
0.085467907785745,0.00895879058793,0.036671105758745
0.08430050092177,0.009150494623257,0.036872264050751
0.086305454786461,0.009342853698216,0.037026293655234
0.089926110619543,0.009540771336012,0.037196900158358
0.091157334085327,0.009752467259001,0.037612399840693
0.089618630629013,0.009960356923383,0.037864304408432
0.088498315129721,0.010158638689023,0.037804150980969
0.090512448597664,0.010363021792515,0.037847714708365
0.093891001574577,0.010575731025694,0.038002339816229
0.094873035530481,0.010790608430292,0.038228701745735
0.093291536763806,0.011002760245245,0.038355416899779
0.092260832551461,0.011203856436009,0.03822340954133
0.094120124471748,0.011413217254974,0.038315963378439
0.096898404832804,0.011628984966792,0.038458262135278
0.097631047327556,0.011841615126632,0.038544801198593
0.096479539536414,0.012056465197237,0.038671727813232
0.095438021751437,0.012258119782441,0.038457102895019
0.096465494743438,0.012469616557762,0.038441717477266
0.098733132134789,0.012688734636221,0.038600047886817
0.099848123464195,0.012900623849593,0.038516959993173
0.098840643648077,0.013112705377134,0.038460647467688
0.097170396477162,0.013319787712491,0.038221417734242
0.097594567584232,0.01353186143032,0.038074915842476
0.099802115292696,0.013749010485027,0.038063379860986
0.100947325876007,0.013957541522045,0.037784050371241
0.099699964667707,0.014167714551105,0.037522444693098
0.097640282008427,0.014374422020265,0.037184985823606
0.097573381059927,0.014579954127702,0.036816739050039
0.099486961153847,0.014792572572973,0.036598758261661
0.100606707517737,0.014998404378125,0.036212326351025
0.099144341642068,0.01519910617841,0.03570392624482
0.096508051384114,0.015400277537656,0.035185447149075
0.09588218603439,0.015601293678868,0.034726871615919
0.097679974612889,0.015805986242215,0.034336525313635
0.09865965859036,0.015999794995048,0.033754537394388
0.096525639503945,0.016188406384245,0.033040429274491
0.09335621624832,0.016379124443375,0.032390277553885
0.092594070508716,0.016573524781926,0.031888729055444
0.094006848167618,0.016762062955068,0.031305765857174
0.094382477532692,0.016938226638832,0.030413475634619
0.091742992772807,0.017114188246285,0.029622744341296
0.088243783090749,0.017295477053845,0.028975653583925
0.087184989292452,0.017471213155851,0.028234955479485
0.088149967545513,0.017639204951748,0.027419470495083
0.087749332941181,0.017797839735915,0.026394970461895
0.084438562154681,0.017960723979869,0.025536156917037
0.080894592727166,0.018123687297161,0.024748638781684
0.079683692902983,0.018274805233093,0.023746285215775
0.079725092913649,0.0184234142989,0.022793429075358
0.078234215190279,0.01856091990603,0.021627707975763
0.074743230432735,0.018700587827294,0.020594879903658
0.071373471515737,0.018841591209388,0.019689196544563
0.069486787659345,0.018966147337059,0.018432884019079
0.068302802431897,0.019085804822595,0.017264505438236
0.066119286924748,0.019200023819623,0.016021657642452
0.062681011449077,0.019312207410343,0.014869548726021
0.059184555647994,0.019420552527394,0.01378996984553
0.056409928769033,0.019511237932164,0.012362170837403
0.054222172285181,0.019599240700707,0.011111253875987
0.051573673154902,0.019683182418775,0.009911773519065
0.04810169017609,0.019758395806965,0.008650871919361
0.044378883718018,0.019824736385597,0.007366355481381
0.04081082701157,0.019881194749335,0.006021860568763
0.037704100446156,0.019933946428301,0.00481742463753
0.034613529982466,0.019976072017263,0.003564820685208
0.031207438195797,0.020009829499334,0.002293022369307
0.02731214699262,0.020034991416638,0.000966251173464
0.022919339652389,0.020056111807748,-0.000285112320662
0.018855345700646,0.020070662278259,-0.00153189982647
0.015586966321963,0.020069737803548,-0.002958233118712
0.012337386770741,0.020063870757069,-0.004321580786482
0.008041332448787,0.020050931039751,-0.005709196165262
0.002808958595124,0.020035119300679,-0.006975977886722
-0.00189099826992,0.020006632398299,-0.008325737978513
-0.005342529092687,0.019959017557698,-0.009914319106366
-0.008481953404885,0.019913332692286,-0.011193540495178
-0.013126832650417,0.019860452153065,-0.012458498724599
-0.019152911719664,0.019797103670516,-0.013775150061162
-0.024448643194972,0.019719448770971,-0.015147002569768
-0.027695982923001,0.019627844748774,-0.016572906492694
-0.030591266507107,0.01953535822907,-0.017753174753691
-0.036032604849199,0.019434391337858,-0.018921838284799
-0.042681373125445,0.019324676592486,-0.020079551855259
-0.047807190144558,0.019194203631419,-0.021418573921124
-0.050973932956033,0.019052846859837,-0.022679631508577
-0.054321312000303,0.018915955291349,-0.023612834615056
-0.059996491555637,0.018767238841995,-0.024576384213471
-0.066767311836722,0.01860096811148,-0.025739347791043
-0.072054285970528,0.018418683565583,-0.026931051992755
-0.075242307102342,0.01823640487697,-0.027833968347289
-0.078567104322611,0.018048757987261,-0.028569634542989
-0.084438782465159,0.017843122401135,-0.029528347098818
-0.091423120317886,0.017626999347401,-0.030502736186313
-0.096499367479438,0.017398400278026,-0.031402902130726
-0.099422814086322,0.017169001689339,-0.032051616298586
-0.102879577282942,0.016931252565613,-0.032658401528585
-0.108866826630433,0.016673483244018,-0.033483937054913
-0.11552225929864,0.016412216147459,-0.034170786671345
-0.120202057754943,0.016140310270114,-0.034758421916042
-0.123054362436623,0.015863536989483,-0.035235963473264
-0.126582855053055,0.015573934303723,-0.03570731340736
-0.132168221370171,0.015275846365384,-0.036239580587348
-0.138418558146866,0.014970741400408,-0.036621748200689
-0.142680152238212,0.014656972535682,-0.036999571389287
-0.145238544382969,0.014333292169641,-0.037285873389154
-0.148666153159661,0.014006127695632,-0.037442925552595
-0.153899004352692,0.013668352751045,-0.037694703528452
-0.159188732367474,0.013320916215941,-0.03784399992414
-0.162883430880387,0.012972566920694,-0.037851557506851
-0.165474318820656,0.012610476436389,-0.037847956038954
-0.168505185144795,0.01224470757752,-0.037773427084025
-0.172690772121214,0.011876434729596,-0.037607971021364
-0.177150425332327,0.011500729964061,-0.037336535744427
-0.180453411815269,0.011117517136218,-0.037122550423395
-0.182567731473105,0.010726360854597,-0.036785064528671
-0.184831091169341,0.010340558130863,-0.036271713589425
-0.188095211212114,0.009949271036559,-0.03567266279147
-0.191613844934654,0.009544882173404,-0.035126972130821
-0.194088096836002,0.009139135396497,-0.034593948718435
-0.195706130423619,0.008733784962496,-0.033798091639246
-0.197249956098547,0.008331608200393,-0.032858118474829
-0.199233613283694,0.007923133881412,-0.031921802251155
-0.201409326128079,0.007508482079883,-0.031026889158615
-0.203132209144041,0.007091299931519,-0.030048409304266
-0.204226840113434,0.006684446127871,-0.028810852764634
-0.20469294364816,0.006275639896111,-0.027466533278967
-0.204981073035035,0.005865682707979,-0.026123469755445
-0.205806429522632,0.005451726947071,-0.024773448419735
-0.206845799280448,0.005039863212886,-0.023339142968224
-0.207213368953866,0.004635680330898,-0.021620180737173
-0.206089161302795,0.00423850568962,-0.019819784841215
-0.20450582661547,0.003841627817415,-0.01804886683672
-0.204182355756075,0.003442692085979,-0.016224236892762
-0.204500502445584,0.003053680546641,-0.014291778165508
-0.203545878784991,0.002672133139978,-0.012093310543634
-0.200594875009145,0.002299374588465,-0.009856102961397
-0.197338061930561,0.001930212409535,-0.007593200546194
-0.195845568597018,0.001565669675521,-0.005248086897977
-0.195046722803612,0.001209196326897,-0.002734962069848
-0.192454366126823,0.000866878082091,-9.10360146789687E-05
-0.187640049764465,0.000533989088855,0.002627837270167
-0.182835665732826,0.000211838450241,0.005464608797899
-0.179986720785936,-0.000103478689979,0.00838612752117
-0.177724297409231,-0.000407081261522,0.01136305698057
-0.173343754018945,-0.000695064408163,0.014487428999498
-0.166717053508917,-0.000968404343957,0.017709649430574
-0.160445291538233,-0.001225376098668,0.021050329992319
-0.156141434553514,-0.001470283800069,0.024433264742976
-0.152096791205426,-0.001704815322265,0.027817553125919
-0.145945869531951,-0.001920636725856,0.031339215509639
-0.137897009808498,-0.002112864011918,0.034951598755891
-0.130059005571744,-0.002287709806705,0.038721750571323
-0.12401111576517,-0.002448843698856,0.042470975847976
-0.118210120567663,-0.002600055351337,0.046172095261576
-0.110499070243885,-0.00272485260388,0.050015119906692
-0.100928838155058,-0.002823090976805,0.053971462302171
-0.091683747613418,-0.002900879617676,0.057993978588429
-0.083971191834706,-0.002965627991181,0.06199569966906
-0.076395210193178,-0.003015180616684,0.065912333937055
-0.067182633806257,-0.003035480011773,0.0699469167528
-0.056480942179791,-0.003027079689818,0.074098869681482
-0.045915879768127,-0.00299694005704,0.078275600481713
-0.036474859774676,-0.002949843586103,0.082346079444703
-0.027126204949146,-0.002883482506976,0.086372568914344
-0.016872110777249,-0.002788668692962,0.09045149207734
-0.005360888299191,-0.002661849701108,0.09465508690746
0.006425722276428,-0.002511238420271,0.098792052684981
0.017790071102453,-0.00234041560361,0.102854428819329
0.02834834060771,-0.002149941597994,0.106820552452658
0.039130665869143,-0.001930415462059,0.110834657727794
0.051350792387943,-0.001676255203831,0.114938344538532
0.064633494701579,-0.001394443682455,0.118989502830538
0.077230150186571,-0.001097454961144,0.122809913045127
0.088474595034918,-0.000776090174845,0.126608579800298
0.099583420424819,-0.000422700686425,0.130493684629754
0.112521979412537,-3.64127843040399E-05,0.134330987985624
0.126836083588366,0.000375842411717,0.136506602454081
0.140099068114217,0.000805376596537,0.137670394805466
0.151479040624977,0.00126036361045,0.138625979735817
0.162910473991568,0.00174972116886,0.140832202272016
0.176245224655643,0.002264624296699,0.141773730430412
0.190816063975225,0.002806802845273,0.141862316062471
0.2042668264652,0.003375168335911,0.141955209469262
0.215577125787277,0.003958955079998,0.141859011777312
0.226979459811559,0.004575229251668,0.141669442806073
0.240199704104669,0.005220524314808,0.141007843907944
0.254297334876608,0.005886397970256,0.140486565993723
0.267377535142505,0.006580428567733,0.139965280872773
0.278482670331899,0.007290829298722,0.138969861175645
0.289425142951667,0.008029731575302,0.137972699062177
0.301689294847663,0.008786573737597,0.137059722303877
0.314854663472532,0.009566897752804,0.1365875014935
0.327137064419793,0.010369754740862,0.136103230985141
0.337523253082488,0.011190441302445,0.135414892373195
0.347343482486281,0.012033215683269,0.134890404430242
0.358092577583941,0.012881888349422,0.133897952577828
0.369883006874513,0.013760059275718,0.132902396995932
0.380914338053761,0.014658554002453,0.130776523701603
0.389988798130152,0.015568189284001,0.129442567681614
0.398055631516772,0.016479699872751,0.12860702499597
0.406914572868012,0.017410305208444,0.127549749613587
0.416664743539785,0.018360412372342,0.126663147301744
0.42587083912681,0.019327414872914,0.125694813099178
0.433085309633066,0.020288706521256,0.124719743070635
0.439049408021156,0.021265283729294,0.123277126933252
0.445391283801479,0.02225044478753,0.121373427321088
0.452598300469895,0.023239426747582,0.118885179741506
0.459506594489282,0.024237813553854,0.114019974491973
0.464432846933696,0.025232754324506,0.109384380268735
0.46773976228683,0.026243348687554,0.104444612590914
0.47113944671043,0.02724743072663,0.099900754762605
0.475488687653626,0.028248543122548,0.096257441990574
0.479685216717122,0.029248562158722,0.092789218923353
0.481889569923654,0.03024824049619,0.090179944574566
0.482099213702724,0.031244242411522,0.088048706107703
0.482204099849482,0.03223950923767,0.083545548090691
0.483452819639063,0.033221555196851,0.079350109523313
0.484582369819227,0.034186616007665,0.074438586343249
0.483557981173919,0.035157038186077,0.069719355898613
0.480431830568024,0.03611068412593,0.065613093488341
0.477156162584359,0.037054257489148,0.060790334923239
0.474971361932754,0.037977334262038,0.05375097433077
0.472613948021598,0.038892131763516,0.049345406184511
0.468185174995826,0.039787238051262,0.04487059654646
0.46166402156399,0.040668057446292,0.04025192732583
0.45486959134334,0.041527740830788,0.03532253904435
0.449035512855713,0.042362855836125,0.03019576225381
0.443134680293237,0.043177800306629,0.024957655726979
0.43532751952341,0.043971626338451,0.019571133258105
0.425352283339103,0.044746349813616,0.013986615397745
0.415121101456922,0.045485512739349,0.00825772115649
0.405653974671822,0.046207136027131,0.002311923343164
0.396201461815099,0.046896040524598,-0.00379223759447
0.385011892634993,0.04755439928424,-0.010052732393298
0.371847074786319,0.048186580863959,-0.016479773746646
0.358284009030159,0.048785552617694,-0.022947239159089
0.345288885327203,0.049357459812928,-0.029606341921352
0.332488662960494,0.049885433470768,-0.036466777928445
0.318158953459136,0.050383176707923,-0.043500573693543
0.302010250495767,0.050850684643323,-0.050579808357909
0.285352575250486,0.051281289734963,-0.057664524877438
0.269126910493452,0.051673448588419,-0.064874206074514
0.253219594377199,0.052017043721211,-0.07219455417848
0.236205842321771,0.05232556445917,-0.079618915766616
0.217702038707266,0.052601447432582,-0.086890783921409
0.198238893116096,0.052843697879321,-0.094139259224139
0.179413105737922,0.05303923355482,-0.101354762604664
0.161044444242493,0.053188743666201,-0.108701982324549
0.142132276797717,0.053298461340215,-0.115967584418294
0.121576079128914,0.053375550035607,-0.123129775169026
0.099989599509516,0.053415559192495,-0.130250797481438
0.079125536306846,0.053407540570236,-0.137350862436823
0.059003276842973,0.053349935154981,-0.144523393421015
0.038534156890619,0.053253388561017,-0.151501574101292
0.016670159505704,0.053122485089551,-0.158227898574775
-0.006242130211387,0.052950863729792,-0.164858477863015
-0.028490404147639,0.052731491835678,-0.171384166058204
-0.049580138716657,0.052464178069254,-0.177742397375234
-0.070885850990989,0.052154784595928,-0.183879145054382
-0.093303892509783,0.051812246702959,-0.189682970310174
-0.116539175746901,0.051430093067367,-0.195200375508501
-0.138924115616369,0.051003647623822,-0.200451800259822
-0.160051651791579,0.050534427408967,-0.205464302986051
-0.18101265160459,0.050027908007445,-0.210264586513935
-0.20308904664955,0.049483341639288,-0.214930715836787
-0.225808179155012,0.04890593933513,-0.219370828868638
-0.247576469996421,0.048293126818504,-0.223568715210939
-0.268140268376717,0.047628740913278,-0.227609125046227
-0.287918292718638,0.046934559978836,-0.231310140626037
-0.308529366055681,0.046204777493971,-0.234721407777578
-0.329822245244667,0.04544318312165,-0.237792612154717
-0.350302197128859,0.044644268085952,-0.240540684828888
-0.368959189962434,0.043812781668262,-0.243005371857724
-0.386931971888016,0.042941430573365,-0.245163109134529
-0.405323674187607,0.042049988016973,-0.246977938875561
-0.424382825439655,0.041127419851606,-0.248443104772561
-0.442473455111786,0.040171728743305,-0.249525617076154
-0.458521935166849,0.039191038745448,-0.250228581317504
-0.47356111784435,0.038183331047366,-0.250516556511185
-0.488973212724362,0.037156810728202,-0.250393406791394
-0.504754346014313,0.036114502099104,-0.249924438396692
-0.519378114926246,0.035058629951907,-0.249093165934931
-0.53197034584247,0.03398784418257,-0.247906976303138
-0.543320741671552,0.03290434127272,-0.246364134196876
-0.55485612486537,0.031811374943807,-0.244464957281167
-0.566396997461932,0.030725274328353,-0.242173497254805
-0.576838667646681,0.029623571859849,-0.239519097831344
-0.585308448897654,0.02850699286534,-0.236476649250405
-0.592251772283051,0.027398008816189,-0.233051717761742
-0.599062909381619,0.026285153102091,-0.229211048104915
-0.605964851115556,0.0251633874823,-0.224883061342538
-0.611626830401414,0.024053593175483,-0.220190532634154
-0.615240619891264,0.022942690865712,-0.215033274225514
-0.617213224834095,0.021836363095009,-0.20940633149056
-0.618717284467735,0.020752463842252,-0.203412182216448
-0.620271685045609,0.019677530139389,-0.197019998672445
-0.620739514345746,0.018610204072668,-0.190131480129342
-0.618991534294493,0.01757185203914,-0.182880273476393
-0.615445416839817,0.016541215025301,-0.175139345894535
-0.61150453972689,0.015537476613572,-0.167034890998227
-0.607468359973001,0.014554132289696,-0.158493684629754
-0.60226969362248,0.013591938619565,-0.149507993779455
-0.595003945852458,0.012658727768555,-0.140107625382857
-0.585942080191729,0.011758676956614,-0.130317017362527
-0.576224331878642,0.010892702848739,-0.120127216780299
-0.566363840734985,0.010062463056399,-0.109567547910523
-0.555624549453598,0.00926940042397,-0.098705586732033
-0.542886748389003,0.008511251111054,-0.087445448855932
-0.528374162831658,0.00780024512735,-0.075889836615872
-0.512945122404043,0.007126097081559,-0.063939456840229
-0.497454431760987,0.006497973623672,-0.051751914524403
-0.48149031225981,0.005926565273821,-0.039414178290678
-0.463563979126684,0.005401372849828,-0.026706415885148
-0.443641210800684,0.00493349981037,-0.013696331206084
-0.422851190277845,0.004523385451775,-0.000448571455664
-0.402185186194942,0.00417045673639,0.012995178129475
-0.381122035756941,0.003873790165717,0.026597447300796
-0.358456273464787,0.003637384312533,0.040331907791801
-0.333772632426563,0.003462450658481,0.054284589927648
-0.308271657873984,0.003349327949838,0.068463961614687
-0.283026886048169,0.003297006781271,0.082805252377746
-0.25770425282757,0.003308749660155,0.097108579800298
-0.230584987658482,0.00339418010466,0.111666518106906
-0.201770598593666,0.003558560884762,0.126343632949923
-0.172315509940271,0.003795797496109,0.141107769043307
-0.143451275629796,0.004094758169813,0.155754222100003
-0.114368309733032,0.004459204258636,0.170519590923315
-0.084254217362173,0.00489210150088,0.185243540021051
-0.05262295688423,0.005398872765629,0.199952601534275
-0.020434769876985,0.005975145590124,0.214571242307291
0.011180756760984,0.006616002784162,0.229061181334572
0.042349732419155,0.007322246795699,0.243421057871929
0.074141635954009,0.008101871841642,0.257604066112254
0.10753624313905,0.008969518204196,0.271745697298425
0.140977611223056,0.009902021300015,0.285519183174185
0.174083923788364,0.010918068794781,0.299244369743118
0.205989691121956,0.011986365218274,0.312503992148459
0.238176207441409,0.013121070555383,0.325418232075633
0.271314813850956,0.014323254736713,0.337950728733038
0.304756971380843,0.015600565423182,0.350220028068312
0.337316730368523,0.0169487599885,0.36226166115099
0.368719730832002,0.018353802426966,0.373914998530207
0.399729623965814,0.019807048363109,0.385056184037096
0.431571556338392,0.021334375279136,0.395810567340243
0.463188625149708,0.022914209820616,0.406009131684004
0.49385496245221,0.024566000123979,0.415805257119015
0.522681909214275,0.02625311863783,0.425028210550272
0.551047966456261,0.02799449610515,0.43376546838996
0.579526271886813,0.029772299047557,0.441921162179846
0.60802818725693,0.031610033723315,0.449613112453417
0.635201299978694,0.033499749845148,0.456847482860313
0.660217811790044,0.035409316303605,0.463460652208957
0.684233159352313,0.037352089659404,0.46944754734157
0.708415208509639,0.039342188896444,0.474813905193586
0.732069485557592,0.041355519099384,0.479490977365182
0.754139822064406,0.043414349663279,0.483632902510028
0.773714408039056,0.045473604880289,0.487095214163119
0.792110498189002,0.047563118828192,0.48989758859061
0.810468639859104,0.049696638553329,0.491987871834018
0.827985746279254,0.051823979819703,0.49330831523749
0.843629497626935,0.053991897423332,0.493963274130688
0.856626585764987,0.056143372653609,0.493977450524858
0.868390100458824,0.058334122927803,0.493258863802308
0.879522443992257,0.060501867741544,0.49173630010336
0.889932150798483,0.062698132648942,0.489448543008051
0.898061699234522,0.06487921157048,0.486527826507486
0.903712644637271,0.067055347920249,0.482939776401756
0.907798486044754,0.069253840548125,0.478535184956902
0.911271809245641,0.071431298691727,0.473340081739477
0.913692929603367,0.073586112574076,0.467467119299809
0.913952859249051,0.075739010148233,0.460856320585642
0.911628969248972,0.077879151533315,0.453531391941739
0.907690295240825,0.080001682993033,0.445424580634761
0.902920408158207,0.082122471910661,0.436395118389486
0.897075093836199,0.08420351622541,0.426631518059493
0.888987220798925,0.086265396482017,0.416100638174801
0.878374406091144,0.088306081179032,0.404929592156045
0.866301722359779,0.090309559429715,0.393095100372664
0.853503666379437,0.09226831145719,0.380573883194098
0.839317856338658,0.094217361869372,0.367190030059645
0.823117013228818,0.09611282593957,0.353325241567653
0.804970975471457,0.09795752590262,0.33906853030145
0.785275971461348,0.099785935781711,0.324103667845662
0.764982604192857,0.101550130300171,0.30863438652721
0.743457389245562,0.103274241469475,0.292521463724551
0.720068182421115,0.104955662798093,0.275848288876035
0.695035514508042,0.106577125059366,0.258769944147852
0.668963623710805,0.108137583704254,0.241243269768721
0.641720544053054,0.109658300674906,0.222967669287008
0.613858850932147,0.111096527557791,0.204488786898926
0.58451804833924,0.112489536205583,0.18558347478119
0.55413413071039,0.113817021365909,0.166586414367941
0.522774366178229,0.115090277835402,0.147269526916184
0.491000307792097,0.116294125485483,0.127816854262875
0.458506990772755,0.117432088448898,0.108126070341466
0.42499844635215,0.118507973960466,0.088235081597239
0.390941824539778,0.119500295548806,0.068380420455731
0.356302591668206,0.120415437653845,0.048608864276435
0.320838442929993,0.121271469997769,0.028669595190457
0.285666334089641,0.122042786485878,0.009161909593484
0.250040973159115,0.122739198069439,-0.010207776629337
0.213995755535048,0.123349312330413,-0.029378168352978
0.177755563137908,0.123865573372004,-0.047998391761571
0.140518888089345,0.124300349826307,-0.066402483476678
0.10367930431826,0.124638588472572,-0.08423815393952
0.067031537536729,0.12488724971702,-0.101754326882047
0.030677830165774,0.125054934005489,-0.118685308704022
-0.006315567037403,0.125144726174398,-0.13511328456148
-0.043218049449972,0.125145829296281,-0.150797106877685
-0.080036281463893,0.125056896195743,-0.166056022833951
-0.116047571274341,0.124887679251205,-0.18053714310098
-0.151681175488587,0.12463942801666,-0.194061385209137
-0.187740970322618,0.124308247398023,-0.206739846572537
-0.22363848813036,0.123899155135545,-0.218546203665949
-0.258654543715428,0.123407153013256,-0.229599651990859
-0.292469943913542,0.122840236224277,-0.239934466180529
-0.326015830960176,0.122207190695118,-0.24955199749661
-0.359743235481516,0.121513580845899,-0.258472837270167
-0.392929373876703,0.120765908262236,-0.266722493528168
-0.424608974145372,0.119975545837887,-0.274245815830149
-0.455085220223731,0.119142083562947,-0.281217477265615
-0.485081207819149,0.118269894876389,-0.287476141934627
-0.515006989808896,0.117348456190686,-0.293129365523389
-0.544010735729595,0.116362968100741,-0.297984865869501
-0.57164446258334,0.11530657758388,-0.301917151066311
-0.597907270769013,0.114205945045982,-0.304966360696777
-0.623419921776929,0.113071506215311,-0.307240723707293
-0.648454021708109,0.111896993797624,-0.30875953232123
-0.672172041921045,0.110693185196104,-0.309440544487327
-0.694276104290207,0.109476334374791,-0.309264510653631
-0.714621428113104,0.108262441482069,-0.308160425576301
-0.73402105084977,0.107019701463979,-0.30626030514807
-0.75227395754819,0.105764827105169,-0.303723124116939
-0.769322867484074,0.104485156909326,-0.300382810055283
-0.784934435142752,0.103180925167823,-0.296133827057474
-0.798736666282041,0.101869811117223,-0.2910676673905
-0.811085802944945,0.100544668870633,-0.285233901021269
-0.822239938856499,0.099217320380274,-0.278703708620575
-0.832173518001248,0.097887882791836,-0.271318058545189
-0.840283752552045,0.096593379023405,-0.263114444749993
-0.846431075821044,0.095317950477637,-0.254084446741326
-0.850806405196683,0.09405555146088,-0.244400755758271
-0.853903272868205,0.092805033945403,-0.234022364565652
-0.855975347991875,0.091572605676392,-0.222878452829115
-0.856442259331686,0.090360758928332,-0.210929682240155
-0.8547424538383,0.089163514390127,-0.198127919436358
-0.851165878460033,0.087986913850574,-0.184497928065467
-0.846400434305389,0.08686576129321,-0.170411508956257
-0.84060680114969,0.085788567654807,-0.155660131617626
-0.833099317707629,0.084744904040599,-0.140134692339058
-0.823367377727914,0.083745606426612,-0.124092637283443
-0.811820960650988,0.082785338826815,-0.107424282883071
-0.799382561526061,0.081867652707945,-0.090176695762254
-0.786144912705186,0.080999777911302,-0.072460144893179
-0.770907854499984,0.080161264704834,-0.053844244099491
-0.753607717182299,0.079378334198096,-0.034688716728145
-0.734900493559728,0.07865718632656,-0.014964905127208
-0.715470706646776,0.078001026000973,0.005204296537925
-0.694923303037889,0.077409829792198,0.025920109618138
-0.672705303433162,0.076888446555453,0.047037636192951
-0.648445833502008,0.076426152579328,0.068869752600586
-0.62320675303021,0.076023763978775,0.091141294556075
-0.597320987868512,0.075678171512024,0.113825260532729
-0.570336993332946,0.07539646151691,0.136966080961909
-0.541790189702927,0.075191891956533,0.160541452914458
-0.512085599433141,0.075070134634562,0.184190300311976
-0.481176553420655,0.075026788778029,0.208286306267009
-0.449565065808117,0.075059046795309,0.232568857449008
-0.417076724133737,0.075163326957029,0.257070777662934
-0.38359928020895,0.075338999605122,0.281729088633282
-0.348997261448962,0.075588152861454,0.306641128611662
-0.313688523393806,0.075910937062992,0.331621755786719
-0.277767854626662,0.076311152611055,0.35663588002693
-0.241198169550393,0.076793726457988,0.38170590856937
-0.203927272940907,0.077359380025977,0.40682956086367
-0.165727932899303,0.078005620064323,0.432070275088425
-0.127263999973563,0.078716791028202,0.456948993428601
-0.088526000813129,0.079492331594533,0.481587661321676
-0.049361517285606,0.080340005593707,0.506206747773974
-0.010409670087813,0.081250194388624,0.530360289027755
0.029044907261681,0.082238993796648,0.55425803882151
0.06916326172233,0.083311385438108,0.578028295893113
0.108742938704943,0.08443501172189,0.60116867538428
0.148715557784363,0.085641838777272,0.624325270015267
0.18804755071203,0.086899664231175,0.646753795385797
0.227490708635078,0.08822280035788,0.668638544620082
0.266675405648963,0.089595628708698,0.6897617512351
0.305541166527458,0.09102780696929,0.710254653555478
0.34378394445165,0.092525820129632,0.730114074931015
0.38133373576714,0.094081301059046,0.749259366376817
0.418343399227279,0.095685826982654,0.767715466967579
0.455303731499542,0.097359203331233,0.785640640260959
0.491295193366966,0.099070068252006,0.802619788160103
0.526542519876365,0.100837601422539,0.818893293000939
0.560671036341407,0.102641283799581,0.834278852992215
0.594101939677706,0.104497144817939,0.848887603478195
0.626569572167149,0.106381882248084,0.862543453729956
0.658477928148858,0.108328150450206,0.875413628303479
0.688895094300687,0.11029697895917,0.887153152469727
0.717995372929185,0.112307648002593,0.897850498307367
0.745967423240387,0.114361826906509,0.90755924215557
0.77246466013391,0.116421472609142,0.916121167869369
0.798286370024116,0.11854576320659,0.923785476544942
0.822390007010463,0.120670600483909,0.930291019088349
0.844849705568815,0.122824421556564,0.935762111571541
0.86568911235715,0.12501271274755,0.940122988516647
0.885160152407117,0.12721768743676,0.943268630816352
0.903349058911664,0.129434366932506,0.945098902870364
0.919959036938448,0.131668237557786,0.945639692007169
0.934356143086882,0.133890579095059,0.944961690546858
0.946870512608323,0.136146404774468,0.943000512057047
0.957857891847199,0.138412607609296,0.939684705614611
0.96753796706854,0.140680587153706,0.935024749423936
0.975426954821756,0.142956532604817,0.929009596328361
0.980942868260668,0.145230701346346,0.921754411750761
0.984389570612124,0.147518107550479,0.913113259432754
0.986343485882734,0.149788312862938,0.903167926263785
0.987100178938006,0.152083743546615,0.891799738281954
0.986090679609173,0.154355969622171,0.879320149444797
0.982829900941983,0.156625003477763,0.865720103928615
0.977593414626064,0.158890610822016,0.851014726381369
0.97109047352708,0.161149218711485,0.835124790198849
0.963598338381656,0.163394306036273,0.818115914543368
0.954526760700686,0.165622026512998,0.800064623495832
0.943192263944437,0.167863453035074,0.780934883412196
0.930490043022047,0.170053755227016,0.761207364138938
0.916860223191038,0.172251369262241,0.740338858492087
0.902233443369237,0.17444922735098,0.718429596897314
0.886375899061817,0.176606572556378,0.696085703177598
0.868847281419189,0.178740517910843,0.673087751405786
0.850024468232468,0.180844513018058,0.649349545312307
0.830648345280128,0.182919465757095,0.6250212882976
0.810587754390902,0.184973771568839,0.599892799908968
0.789592716609033,0.186981209343735,0.574627383672966
0.767105846425054,0.188950965256054,0.548945494372114
0.743380776276821,0.190899273745553,0.5225237774638
0.719588988772152,0.192786891007165,0.496111637918773
0.695400624047788,0.194644684929354,0.469302417098912
0.670506880250331,0.196444657692982,0.442451994651849
0.644570994454877,0.198209145075659,0.415668424097025
0.618198710320821,0.199915996780446,0.389067439809591
0.591289823299063,0.201580724848699,0.361963866789307
0.564320130585364,0.203178279627731,0.334850716405739
0.536802819460061,0.204706855121536,0.307798524517102
0.508720779142693,0.206172884580748,0.281078927904264
0.4801763071319,0.207586813495769,0.254445276273742
0.45175612694914,0.208930689290102,0.228264643409162
0.42333210969222,0.210189800417917,0.202639336411997
0.394263519054148,0.211386609564652,0.177125771641522
0.364984440113508,0.212495100625704,0.152077424922006
0.335407244377654,0.213537453184435,0.127301644272073
0.305811010144655,0.214492873881442,0.103424172885631
0.276139337932131,0.21535798501609,0.080012621257954
0.246097819504582,0.216140684160097,0.056900324302796
0.216383682447414,0.216837837666341,0.03483368102639
0.186133621793186,0.217500286762879,0.013018087941057
0.156237232893052,0.218129944829263,-0.008309799254673
0.126880678100964,0.218690252649079,-0.029292706980096
0.097820147154548,0.21918731156018,-0.049782763116721
0.068750858866629,0.219639083901205,-0.069951308590231
0.0400027648965,0.220036383497882,-0.089363669078392
0.010831931837407,0.220367310300864,-0.108467044861887
-0.017606479037412,0.220610182595958,-0.126700537185772
-0.045776092769805,0.220771697211591,-0.144279161174697
-0.073836432505085,0.220863500381456,-0.161169277525437
-0.10189097073111,0.220887232145167,-0.177259299999052
-0.12995520261817,0.220838265248097,-0.192659173881298
-0.157149171398523,0.220717907817083,-0.207208454630797
-0.18336474134586,0.22054963780018,-0.22112428762434
-0.209106955871903,0.220368520806294,-0.234413912779616
-0.234736940568586,0.220180043158423,-0.247172767099386
-0.259769461608008,0.21995033022881,-0.2592926453436
-0.283544780904442,0.219653444009975,-0.270639350635804
-0.306750671051947,0.219293484600955,-0.28114534834103
-0.329951457340043,0.218880077472347,-0.290890761163318
-0.353132342248289,0.218405627678792,-0.299920019534028
-0.375160268988078,0.21786114428883,-0.307998710374845
-0.396239832556693,0.217240076906143,-0.315200413438653
-0.417115921039623,0.216566489207221,-0.321700157410129
-0.437565378281811,0.21588528703866,-0.327566112254284
-0.457401711463589,0.215199233086237,-0.332860758413382
-0.475575747010869,0.214516820412245,-0.33742318196042
-0.492583587401802,0.21381859307054,-0.341310116919692
-0.508884451468677,0.213102842686522,-0.344420659605337
-0.524627930026087,0.212363946267226,-0.346628113828385
-0.539922727935745,0.211571992613964,-0.347858041666272
-0.554141547829818,0.210743704273523,-0.348079511080345
-0.567580450272391,0.209870148887287,-0.347404321192524
-0.580155441893708,0.208971553610503,-0.34594800250339
-0.591747187851493,0.208080475181954,-0.343776406497435
-0.602424021112353,0.207192061817779,-0.340830765145984
-0.611967962817466,0.206309017630914,-0.337109618138198
-0.620516486705135,0.205421336427281,-0.332524128317703
-0.627980477186988,0.204533713796492,-0.327116786936856
-0.634498711504989,0.203640878182641,-0.320892714566126
-0.640252762211465,0.202739510457937,-0.313826180338906
-0.645233211033479,0.201821742337086,-0.305902424684943
-0.649066539914705,0.200895324959695,-0.297185393098609
-0.651601395556723,0.199964211992692,-0.28769680059171
-0.653196296544146,0.199037638421052,-0.277330613425377
-0.654146073374221,0.198123794680707,-0.26619095934836
-0.654238052998806,0.197231427649604,-0.254407815507742
-0.652928050177914,0.19635324500874,-0.241855405520734
-0.650157554120416,0.195491989919614,-0.228539926225855
-0.646519548837187,0.194650171252351,-0.214491498904767
-0.642409399840293,0.193830746935542,-0.1998788368719
-0.637333042523502,0.193010346404677,-0.184416107987142
-0.630952704205553,0.192201660442489,-0.168345235498829
-0.623262161115439,0.19140127229978,-0.151454365286325
-0.614977789490952,0.19064309565287,-0.134196921019942
-0.606012052635478,0.189915572127332,-0.116208671306789
-0.595921575711945,0.189229244834973,-0.097824002199949
-0.584469139413113,0.188576020961268,-0.07887702428478
-0.571917702653741,0.187953606403183,-0.059296701499189
-0.558831792674621,0.187367497245856,-0.039314237082413
-0.545202597056634,0.18681445245862,-0.018792934561006
-0.530494302357955,0.186289659306175,0.002380098049442
-0.514492528124239,0.185800585826055,0.024167622822572
-0.497605748340993,0.185362500006101,0.046327379879951
-0.479960696610716,0.184975714234812,0.069008150241331
-0.461701731374149,0.184643830742055,0.091942943569417
-0.442480853872007,0.184362095365375,0.11527538712461
-0.422168539902404,0.184127813753977,0.138978953507117
-0.401079411187201,0.18394268452032,0.162863873427084
-0.379419182635275,0.183808601519672,0.186937453179969
-0.357100482782874,0.183727653850115,0.211374048190258
-0.334158818335376,0.183700192948708,0.235808618678703
-0.310108147659793,0.183727419558741,0.260684947419327
-0.285523829928756,0.18381081752558,0.285456318689134
-0.260014391781979,0.183955209346664,0.310571844448448
-0.234182217144066,0.184159589521514,0.335592540087429
-0.207801928395974,0.18442396781227,0.36074290943228
-0.1807202445226,0.184746782276443,0.385991968290393
-0.152995290771736,0.185126051199499,0.411178632049082
-0.124438903635922,0.185568188307787,0.436486340404146
-0.095932049639255,0.186068937308021,0.461362166570261
-0.067065722379239,0.186640715643,0.486160899703197
-0.037627909739164,0.18728086801049,0.510795395279593
-0.007710866731713,0.187979271070726,0.535101557980978
0.022767766043491,0.188743412385521,0.559327593237054
0.052899740281485,0.189561352856964,0.583010136833022
0.083228158029073,0.190446232326255,0.606403368197464
0.113772681996421,0.191385613826315,0.629057577970168
0.14480554249757,0.192388888536367,0.651247570099662
0.175835079982342,0.193459922264075,0.673007955849304
0.20651546207782,0.194593814414874,0.694230160160065
0.23720717180371,0.195797242292912,0.715058033131987
0.26779432584856,0.197048699902525,0.735120428231412
0.298651011404096,0.198359101316864,0.754548204481447
0.329219677727997,0.199723702135615,0.773292337161118
0.359302302418908,0.201150673270429,0.791424277193548
0.388727080022365,0.202628300152631,0.808703215528604
0.417947464579812,0.204152873168805,0.825098049441953
0.447268182200804,0.205743077055992,0.840764150317191
0.475967293807981,0.207379465630188,0.855611671107655
0.503950120973401,0.209073304401603,0.869666878443347
0.531083779760388,0.210805215521218,0.882724238315143
0.557691300407382,0.212570835312201,0.894823482556872
0.584164303148319,0.214395867490656,0.906170429653793
0.609790616003702,0.216253153781536,0.916579980465972
0.634285010341282,0.218141991310719,0.925915870923694
0.657782481406484,0.2200706095627,0.934121016148762
0.680479729737793,0.222029627120398,0.941346378144647
0.702682674793186,0.224041633577078,0.947634865395374
0.723696916305059,0.226066282005788,0.952813563822221
0.743579716638499,0.228129168739088,0.95695008392046
0.762237039937792,0.230218266819802,0.960009055823701
0.779928889285448,0.232332463363907,0.962001953402809
0.796717263721832,0.234459575219978,0.962911423613416
0.812482920200699,0.236621069335115,0.962754487611064
0.826623272846173,0.238783529902169,0.961570355689997
0.839304380681084,0.240956836207389,0.959295968973136
0.850896916084749,0.243165032402985,0.955907526290336
0.86133988977316,0.245363661700828,0.951462112519795
0.870565537915112,0.247579199026129,0.945910750353225
0.878160447898545,0.249811478422497,0.939250737267322
0.884085643128053,0.252025375708182,0.931584010544582
0.888856962228778,0.254264478840804,0.9226474297581
0.892498162013939,0.256498290893241,0.912497984960695
0.894621753071059,0.258725103490893,0.901219691438217
0.89501724709757,0.260947132639668,0.888867595323212
0.893740290848385,0.263175975762557,0.875335918905336
0.891198366911863,0.265383537419017,0.86078956351878
0.887452134106293,0.267593842236975,0.845045326531193
0.882110339381866,0.269799226936089,0.828138530396275
0.875103346268312,0.271976574767502,0.810516466427074
0.866634354463219,0.274159652975427,0.791898973041145
0.85688594627527,0.276333769538314,0.772097727035664
0.846040979401245,0.278456332236882,0.751624690632201
0.83359453894387,0.280587417284163,0.729984306399765
0.819664417572074,0.282681250003051,0.707608883241511
0.804302094500894,0.284757442533939,0.68422356979622
0.787655269546657,0.286816287741046,0.659814853447377
0.770020113428685,0.288822593107636,0.634797358164939
0.750989070121796,0.290811961160348,0.60883848393184
0.730972449532148,0.292751366577652,0.582713617872687
0.709634884034531,0.294670320310475,0.555778231885982
0.687681238644257,0.296540277859807,0.528692784736907
0.664832416704051,0.298377952010293,0.501222725850347
0.64107167461758,0.300163935626493,0.473546421764321
0.616232347508201,0.301914775536661,0.445361426932304
0.590860199507661,0.303605783287313,0.417042586077738
0.564933860499589,0.305234293814073,0.388717628986222
0.538215964303093,0.306818679465484,0.360300719724627
0.510765609203911,0.30833600897336,0.331863868685815
0.483015558417756,0.309795644230502,0.303970182159553
0.454650400776888,0.31119636496934,0.27614974349735
0.426080776653185,0.312520443142609,0.248642693230416
0.397027552670957,0.313778246143588,0.221450354172791
0.367566533993861,0.31496339929449,0.194389248698522
0.337942448844595,0.316067731683662,0.167721872421935
0.307376426246432,0.317106325818275,0.140898423053946
0.276774603195585,0.318050783631428,0.114899480356923
0.246077293911711,0.318912673259691,0.089421403984563
0.215303536891953,0.319691858033095,0.064682780659416
0.184368512602264,0.320375910746701,0.040404624633737
0.152939258473485,0.32097450568181,0.016576599941208
0.121562328083243,0.321501046257415,-0.00664598367107
0.090097071550509,0.321983256952718,-0.029640635519691
0.059211158138219,0.322394692128932,-0.051756610751302
0.028328090402936,0.322722348614825,-0.073158969532606
-0.00279059938862,0.32296298537973,-0.093801713542012
-0.033621765647116,0.323126823384817,-0.113719419289379
-0.064160029125045,0.323221272094775,-0.132908207610685
-0.094282676886135,0.323233435721918,-0.151305432545967
-0.124286962842894,0.323157740083984,-0.169053396170951
-0.154404268074891,0.323000286518825,-0.186129735342367
-0.184535875128755,0.322770602875634,-0.202584897161876
-0.213728977905338,0.322474292623092,-0.217913078316281
-0.241982695162725,0.32211256626663,-0.232402946224528
-0.269850097996854,0.321703278761341,-0.246190404619892
-0.297353749872518,0.321251799284533,-0.259089609983216
-0.324583390591109,0.320749517628229,-0.271216391515025
-0.350857563125607,0.320196814515912,-0.282506395971818
-0.376362760295682,0.319593231126976,-0.292956688508112
-0.401299703306043,0.31894138371509,-0.302785846363921
-0.425730795099597,0.318235131893841,-0.311919161364348
-0.449510630760832,0.317480723433189,-0.320242122381634
-0.472670274067153,0.316675444458057,-0.327768929516296
-0.494875440586533,0.315840371429924,-0.334385773348379
-0.516163803410718,0.314973327391444,-0.340152678342832
-0.536548415935534,0.314070778447732,-0.345098556757731
-0.555834927600928,0.313161679107701,-0.349167428430545
-0.57435492403557,0.312236755337816,-0.352491086414368
-0.591885138929164,0.311291975374024,-0.35496385730677
-0.60811168492811,0.310327973755461,-0.356612671515404
-0.623130929507348,0.309344486904332,-0.357411447319761
-0.637422047956634,0.308347479488522,-0.357369970698958
-0.650694946453997,0.307347582479105,-0.35651363114824
-0.662798767399594,0.306335482793983,-0.354798320642537
-0.673310312724298,0.305324818143524,-0.352197426439212
-0.682434728201586,0.304310131491152,-0.348749902803986
-0.690750475709989,0.303306378436212,-0.344528566145443
-0.698086447444889,0.30232265729371,-0.339531244962402
-0.704002297838286,0.301335851314789,-0.333580549418246
-0.708289962002868,0.300351358963183,-0.326693842039884
-0.711328722785804,0.299374764183292,-0.318982234465232
-0.713567205757227,0.298432532138187,-0.310754634590402
-0.714645588828863,0.297501838943229,-0.301687005130053
-0.714059507879634,0.296574201298267,-0.291612628843984
-0.711990406947417,0.29566516053108,-0.280751182946604
-0.708932167046381,0.29477476545237,-0.269076291758726
-0.70503579265002,0.293908922157179,-0.256560949012394
-0.699728384719375,0.293074854629524,-0.243256147055198
-0.692743312498388,0.292274710540329,-0.229245431787364
-0.684381097838323,0.291501714964044,-0.214384085456632
-0.675092771365366,0.29077012062589,-0.199036891813725
-0.664584824445137,0.290057171976214,-0.182772148837915
-0.652978464558975,0.289374398103021,-0.165903007861024
-0.640171449285859,0.288721799006312,-0.148338540827067
-0.626019236592983,0.28809926730254,-0.129910468247722
-0.610765912130818,0.28752211002811,-0.11089593625838
-0.59449862705264,0.28699444680634,-0.091335300311976
-0.577207320513283,0.286516648598571,-0.071229536683198
-0.558671828908351,0.286082721450498,-0.050501597807637
-0.538968104275152,0.285690205302697,-0.029183041429208
-0.51839409817604,0.2853396370729,-0.007427913746835
-0.496884158088557,0.285028790993059,0.014976796229743
-0.474603057891076,0.284760273554703,0.037840408887035
-0.451074174223546,0.284530736343619,0.06143568468665
-0.426783897543878,0.284348496703569,0.085166892667154
-0.401343985712131,0.284214960382793,0.109425666385351
-0.375286488532794,0.284135760136397,0.133823169633121
-0.348771204539277,0.284110046658151,0.158250993295846
-0.321493572854885,0.284137019452529,0.182934191186929
-0.293153016550733,0.284216278271769,0.208054960789706
-0.264073098282248,0.284348291698617,0.233299283120134
-0.234520669115968,0.284538096997605,0.258636458461743
-0.204714607511835,0.284790096894126,0.283877167945229
-0.174096922106568,0.285105121170129,0.309282574888343
-0.142753680860261,0.28547548702099,0.33461676797178
-0.111049203866779,0.285903654506131,0.360015674635159
-0.078853764972966,0.286395451623468,0.385642963482746
-0.04649748107097,0.286943166281957,0.411032316489185
-0.013549094400011,0.287551337876959,0.43639668300824
0.019869159443007,0.288218755903044,0.461578368434528
0.053529148958065,0.288950086663403,0.486676654939928
0.087130389012309,0.289739502160118,0.511476715628171
0.120898752923359,0.2905861628491,0.5360825265274
0.155013187877012,0.291491591624279,0.560494182462994
0.189085653684596,0.292446504689976,0.584446693913159
0.223172072489124,0.293461074196661,0.608049489365334
0.257218192835375,0.294538785228515,0.631297590487118
0.290820993422172,0.295664779807598,0.65405022900329
0.324474850962256,0.296853378994119,0.676511848431114
0.357864868345671,0.29809148199544,0.698427700389732
0.39097253949226,0.299383364629129,0.719807267417052
0.423856209960292,0.300738310690862,0.74083617019259
0.456056973023992,0.302133593917405,0.761183041429208
0.487777312371893,0.303572953208596,0.780873768455389
0.519208934838311,0.305068942677199,0.800094351252169
0.549956034290224,0.306606889825946,0.818640535953042
0.580281551283185,0.30820293147319,0.836631755122941
0.609550642815487,0.309822841554113,0.853614269323042
0.63805336599069,0.311494344547918,0.869890855988697
0.665844890224338,0.313208576430971,0.885353983140048
0.69287401168949,0.314963682396566,0.900005262808538
0.719379895769277,0.316775496636698,0.913924822439478
0.744315920819313,0.318599132829054,0.926697374285254
0.768227961126583,0.320470662083016,0.938523284371829
0.791066465192735,0.322369281277044,0.949331386252216
0.813217233383243,0.324323222521649,0.959277098722702
0.834058439373815,0.32629095767087,0.968226291284599
0.853575762983378,0.328297341134585,0.976206226234389
0.871523539669701,0.330310772863787,0.982990460566866
0.88831777069296,0.332368065890544,0.988634087827266
0.904032296781713,0.334445049154818,0.993195188560266
0.918317632080951,0.336552041239187,0.996577230529979
0.930954751257078,0.338672749131047,0.998870392671895
0.942053974781977,0.340809652414104,1
0.951869834694623,0.342958680275741,0.999936466996027
0.960272623201062,0.345119081031136,0.99872900803171
0.96709914531468,0.347284128565439,0.996320870117678
0.972150882935549,0.34947095543534,0.992573228898982
0.975546858799434,0.351662487656993,0.987631356856349
0.97746813140088,0.353867433059782,0.981321154593815
0.977964821373641,0.356075024002663,0.973713267018785
0.976695575991188,0.358280535609604,0.964857809344093
0.973698692558288,0.360481820209681,0.954790625563026
0.969172982922174,0.36267102904188,0.94357486937804
0.963073081483574,0.364874256307929,0.931014157429094
0.955459206439822,0.367079709342027,0.917352380591141
0.946311621643926,0.369262123724393,0.902820865376409
0.93562336895662,0.371441990188073,0.887284248556284
0.923389730061833,0.373614691240578,0.870719108262135
0.909759212580977,0.37577696632696,0.853181012166096
0.894825062923885,0.377917354694198,0.834864636771385
0.878529945288646,0.380039390237176,0.815579904605669
0.860767871976112,0.382147134006368,0.79524427017647
0.841832112950979,0.384231556021752,0.77390637890325
0.821762599487393,0.386301803409037,0.751816095659842
0.800643343314316,0.38836232770432,0.729223759446978
0.778661259513167,0.390375944914193,0.706085608352219
0.755580046737032,0.392380737148996,0.682113894762794
0.731385715270555,0.394354905548849,0.657429615862389
0.706358757070704,0.396280770877192,0.632146467280503
0.680305409072037,0.39818562807904,0.606189347316916
0.653516940085739,0.400052002922785,0.579790910039163
0.626170534813783,0.401880276131908,0.553080923978494
0.598275170908148,0.403674206130527,0.526334619797643
0.569788328446571,0.405412267398697,0.499631650815024
0.540804098362386,0.40712268228479,0.473034886256958
0.511841238394572,0.408768979431658,0.446687038318936
0.482478129365762,0.410362024101749,0.420052485847312
0.452167446611657,0.411914799942013,0.393123216097556
0.42156867118909,0.413388648875816,0.366339128744417
0.390355082659114,0.414814868325808,0.339211526973079
0.359343427041477,0.416167959580833,0.312561574859895
0.328626051144894,0.417447678587379,0.286572010392862
0.29759862496887,0.418655850865731,0.260773244071043
0.265736093566594,0.419797240340484,0.234781655082166
0.233686077947499,0.420871505336718,0.209130863764378
0.202049089397127,0.421854152643759,0.18444986108082
0.170789859879782,0.422759171409033,0.16064552850925
0.138819468139295,0.423585155884301,0.136779967190419
0.106896149404285,0.424316759984595,0.113597233943693
0.075025484873529,0.424956590201447,0.091235323401955
0.043558061954428,0.425508229240442,0.069724091335805
0.01206199867318,0.425973258568353,0.048808519112055
-0.01913413025141,0.426347402367612,0.028978346624691
-0.050523857008586,0.426677284621553,0.009476976397963
-0.081087915171654,0.426993636548673,-0.009982566354059
-0.110676273305062,0.427273673312895,-0.029143375973146
-0.139892637196285,0.427476442734551,-0.047694032638896
-0.169287085390597,0.427597014932658,-0.065431284314934
-0.198739218211745,0.427629776676391,-0.082398829854822
-0.227726036944048,0.427577637083639,-0.098698328750107
-0.256073129125715,0.427451969048157,-0.114189262448202
-0.283918702863311,0.427259030102049,-0.129058254549248
-0.31120984692369,0.427004677529651,-0.143391538731426
-0.338128941664264,0.426691029715468,-0.156983746930028
-0.364528948200141,0.426317178780425,-0.169827986762377
-0.39022869788154,0.425883359015898,-0.181987392965853
-0.415353143467927,0.425402671214523,-0.193564467033957
-0.43968693146701,0.424894034404712,-0.204345572128925
-0.463432086587158,0.424354929954201,-0.214424817698209
-0.486331176034773,0.423784264503246,-0.223712830822041
-0.508215680653353,0.423175819568308,-0.232230378258437
-0.529194176790163,0.422525036229744,-0.239948841707995
-0.549441847993665,0.421830020632284,-0.24700181116474
-0.568922416471807,0.421101413509143,-0.25315069175114
-0.587775669222911,0.420339419865273,-0.258421489327404
-0.605784086368317,0.419541530830548,-0.262918307935936
-0.622546464168291,0.418725162063736,-0.266663038015494
-0.638068971316218,0.41790387317808,-0.269755269920442
-0.652679576677088,0.417100117096876,-0.272161369088823
-0.666448724526257,0.416303009033397,-0.273785040348199
-0.678836140134722,0.415494918561783,-0.274584295020719
-0.689992864694392,0.414663896821984,-0.274482537906445
-0.700242497579109,0.413822810315263,-0.273524346416075
-0.709620086514089,0.412977242986024,-0.271811610419413
-0.717821456165972,0.412125164309028,-0.269298405985378
-0.724714163219037,0.411263948268465,-0.26604158092872
-0.73023448286751,0.410401687678861,-0.262028623040671
-0.734577041059539,0.409562124066068,-0.257300719724627
-0.73795361124215,0.40873804320821,-0.251773599666215
-0.7402522940517,0.407929689158801,-0.245478735408745
-0.74118424409226,0.407144168756172,-0.238466460263425
-0.74075250899211,0.40637228606391,-0.230775007823094
-0.739188102646691,0.405621089347503,-0.222534981082337
-0.736587098783638,0.404884037972774,-0.21369250026077
-0.732895429539798,0.404154357014171,-0.204161957006173
-0.728067160180497,0.403442462675676,-0.194028438131181
-0.721905369856772,0.402750932162397,-0.183175991162275
-0.714434659905338,0.402097913293644,-0.171775031529439
-0.705978060564636,0.401491479359662,-0.159921593635321
-0.696340872449688,0.400921848695607,-0.147398840285614
-0.685518358885218,0.400391227545246,-0.134351451776553
-0.673415749647251,0.399885685333994,-0.120776948898603
-0.660136260194753,0.399400731477192,-0.106633091686659
-0.645969231622228,0.398941588720042,-0.091785636420532
-0.630973468468109,0.398516047250713,-0.076474636581735
-0.614626541152115,0.398122896563775,-0.060472860502385
-0.597037558438502,0.397777394884931,-0.04404443517263
-0.578092436218051,0.397481826555072,-0.0268442777625
-0.558524771664254,0.397250356440157,-0.009228130896953
-0.537867304612374,0.3970762974739,0.009038413761059
-0.516173441994133,0.396956037664291,0.027835890457722
-0.493209893372482,0.396885330480185,0.047253752714377
-0.469423540192939,0.396863336377494,0.066958893198176
-0.444862226547651,0.396890416555419,0.087130053007387
-0.419360278957127,0.396965516702778,0.107764752458348
-0.393157285066245,0.397085434837468,0.128498852612913
-0.36568956215771,0.397256243010917,0.149685691798553
-0.337657862784576,0.397484169468808,0.171101932541225
-0.30912611370389,0.397774651723433,0.192878026114909
-0.280085832962248,0.39812210583039,0.214915908853846
-0.249804176113626,0.398530465932326,0.237475165233223
-0.219199176920054,0.398991160869826,0.259847544496809
-0.187690537582351,0.399514362793358,0.282431351166826
-0.155759306029338,0.400096420662351,0.304960509970889
-0.123742135030679,0.400730989085439,0.327272537621969
-0.091254931627102,0.401424491551111,0.349857705036176
-0.058258609067961,0.402170094560975,0.372498269436832
-0.024435773391213,0.402977970265496,0.395556245673592
0.009308117697568,0.403840269903662,0.4185850156936
0.043012334541094,0.404760371176109,0.441561157628228
0.077270338489608,0.405751882506781,0.464776069867339
0.111977280114767,0.406804387691698,0.487934039466323
0.146805539376505,0.407912956849874,0.510977602245465
0.181566952767361,0.409079230020925,0.533986885650075
0.215967277284695,0.410290604281382,0.556696046729947
0.250692376165087,0.411561098065095,0.579406630190504
0.28538380426075,0.412876204831186,0.60173426135771
0.320145309447638,0.414246623885713,0.623840380439421
0.354123647603476,0.415647120095318,0.645235546241596
0.387877158916465,0.417105320317797,0.666440207857231
0.421031499165987,0.418598283522825,0.687052590155229
0.454315510491047,0.420142683446485,0.707430753766938
0.487289912157623,0.421726522418024,0.727295912077909
0.519497247817251,0.423341395234416,0.746594488748969
0.550933827269425,0.424997405711145,0.765336393032231
0.581659831993065,0.426682868565956,0.783392567586789
0.6119988246436,0.428408541677751,0.800965464596945
0.641758841357821,0.430170041845416,0.817983253838057
0.67059810714745,0.43196942888061,0.834287908815915
0.698370886631257,0.433794744161142,0.849813715542828
0.725079254399577,0.435649082285571,0.864465042624008
0.751126819248196,0.437541287753248,0.87824748475682
0.776266466257568,0.439455780187833,0.891208454630797
0.800211314466862,0.441385433226715,0.903473690698579
0.823122796378867,0.443359220903086,0.915175426951269
0.844471340681973,0.445324935289211,0.925716453151522
0.865035065625442,0.447330801359476,0.935312591862086
0.884406176514407,0.449351271592025,0.94381710080886
0.902309909464327,0.451388064123597,0.951246147718975
0.918649584893751,0.453450208934213,0.957688109845719
0.933590398942803,0.455517703397859,0.962938116957622
0.947278160429539,0.457602838049505,0.967044055871113
0.95961224254311,0.459710259668058,0.970034753501427
0.97025599251385,0.461826389115994,0.971909498658221
0.979219654778989,0.463950855431972,0.972577922755246
0.986531080254793,0.466070665206901,0.971888968963653
0.992434501465386,0.468216061552249,0.969812719876348
0.996721137514404,0.470338116619507,0.966523938666945
0.9992878280205,0.472489428822037,0.96177987236504
1,0.474608115950801,0.95570142332894
0.99903527877583,0.476746385933536,0.948197701432811
0.996530825979783,0.4788872135971,0.939381264401604
0.99249350795509,0.481004592599028,0.929479219018178
0.98663071566849,0.483133217586887,0.918221312952198
0.979027048343554,0.485252890691848,0.90577742587026
0.969885411930565,0.48735700294475,0.892295200887565
0.959271440592775,0.489457386059956,0.877679006609329
0.947191211227536,0.491536019125986,0.861966630949107
0.933509251250055,0.493604753381483,0.845172534777208
0.918547067084632,0.495633423812106,0.827734953582977
0.902132541170291,0.497685415996536,0.809276672008496
0.884467165798414,0.499685951938053,0.789962923276786
0.865579654767973,0.501673484708339,0.769918355348625
0.845308428702526,0.503639511482962,0.749074788776468
0.823979620546412,0.505578301885411,0.727613956399291
0.80154055773617,0.507474070534394,0.705571180670795
0.778175493268275,0.509343491165995,0.682643731568317
0.753697842527027,0.51119256749666,0.65891036156917
0.72881465527331,0.512987600617163,0.635001896507581
0.70255309551368,0.514783160893255,0.610133134832207
0.675823761531532,0.516510786433163,0.585207904643599
0.648304026990971,0.518213225650415,0.559931488663626
0.620378664141909,0.519878002529371,0.534454754070379
0.591715040880904,0.521492426287297,0.508438368244877
0.562459314850937,0.523062041820034,0.481985074485335
0.532721861601508,0.524565479801887,0.455467489118788
0.502416686609355,0.526022498805358,0.428998359520942
0.471974129674931,0.527427583221028,0.402661558739581
0.441205054252832,0.528774582900342,0.37621568980722
0.410140230373159,0.530053540459924,0.349903036308638
0.379061490214956,0.531266779289228,0.32404103568279
0.347472070368635,0.532418614254385,0.298339138226955
0.316342181461112,0.533499175831283,0.273123690224452
0.285084071855364,0.534503065556191,0.248345629024152
0.253596949507684,0.535438473865041,0.224084584238125
0.221641392006053,0.536290493969194,0.200078790407465
0.190196642706984,0.53706280619564,0.177080558900784
0.158842642965665,0.537755761981441,0.154872094787449
0.127502651298909,0.538358788928366,0.133188569748808
0.09621608492308,0.538876524053182,0.11202110812938
0.06477565003754,0.539306829447107,0.091231511421717
0.033411332422166,0.539646620273721,0.07110141574291
0.00238669684553,0.539911545244349,0.052055586637208
-0.028559636715365,0.540153460849667,0.032911888257773
-0.058680191526914,0.540384667386787,0.01414906075462
-0.088370883877376,0.540549657324461,-0.004301606341921
-0.1174305886595,0.540636911336823,-0.021714561385209
-0.146930767524069,0.540655176301818,-0.038595361142456
-0.175882703764014,0.540598575410827,-0.054568087941057
-0.2042306955468,0.540458332499484,-0.06983769593294
-0.232203847410393,0.540237815506282,-0.084428156025679
-0.259796853544112,0.539957056343659,-0.098372785448097
-0.287144176776393,0.539621717053142,-0.111548288876035
-0.313817349945845,0.539235751301659,-0.12387494571247
-0.339249716143718,0.53881297251811,-0.135212254757863
-0.363897520010847,0.538360223963029,-0.145998999592251
-0.388114782126248,0.537871189531471,-0.156312316868487
-0.412176082782396,0.537338010700282,-0.166206837858084
-0.435739389962122,0.536760843663712,-0.175369676740283
-0.458222826974484,0.536153208986441,-0.183817849929355
-0.479853203456635,0.535522711375969,-0.191696544563187
-0.500495083542192,0.534873675460566,-0.198884478981955
-0.520628854228543,0.534181559218853,-0.205312027651081
-0.539714093913033,0.533455870975741,-0.210660804877817
-0.557940122733131,0.532701618709338,-0.215111694814
-0.575767481383994,0.531915083044089,-0.21898192628275
-0.59243925649987,0.531130402185548,-0.222210355879648
-0.607671063972013,0.5303663682543,-0.224777990081265
-0.621711230427594,0.529625900130373,-0.226788866552244
-0.634706758033094,0.528893183146055,-0.228355367590582
-0.646673343910072,0.528148429442421,-0.229176702352618
-0.657629549216305,0.527376478415175,-0.229064106697517
-0.667652904880859,0.526577476496426,-0.22794899816987
-0.676855861043572,0.525751443210456,-0.225948737400078
-0.685020842748164,0.524924375137585,-0.223186241785752
-0.691883954760345,0.524113951514376,-0.219757853912021
-0.697167807829045,0.523349829723863,-0.215745261101681
-0.70116157781591,0.522624229340016,-0.211241150421499
-0.704062791423717,0.521926031284732,-0.206112903837583
-0.705875322445039,0.52124949541936,-0.200318096475341
-0.706568217257709,0.520570968077312,-0.193709971836862
-0.70610475744872,0.519898961845162,-0.186214969134339
-0.704563722373181,0.519239060667311,-0.178092364660478
-0.701822142065927,0.518602569102532,-0.169215225162863
-0.697787816591894,0.518010417180196,-0.159999160795395
-0.692349764547766,0.517453243007501,-0.15012406004343
-0.685635876166051,0.516939207733958,-0.139739936656647
-0.677843714867937,0.51646210263817,-0.128759711541197
-0.669030341067241,0.516011306511201,-0.117095308040244
-0.659095256467558,0.51558659482382,-0.10461434897636
-0.64798488890431,0.515197104939594,-0.091462152962819
-0.635655304796333,0.51484848913791,-0.077523309974682
-0.622336545001123,0.514551622443356,-0.063143319077918
-0.607909421550055,0.514303615262326,-0.04809858899836
-0.592132914780144,0.514099977010159,-0.032389789203182
-0.575506266593854,0.513944719926628,-0.016147685786624
-0.55788493495838,0.513833734150555,0.00077058421916
-0.539166934481592,0.513764100801911,0.018404046198925
-0.519596093785069,0.513742292179891,0.036489706705103
-0.498768014627147,0.513769889751266,0.055178954455371
-0.476987276243728,0.513854625131362,0.074409332713808
-0.454388249667216,0.513995736873216,0.093814260788758
-0.430892082105676,0.514197071260209,0.113802488217947
-0.406382871888447,0.514455758223017,0.134237072930199
-0.380933780453448,0.514767443846947,0.155167584892421
-0.354785974337318,0.515127901125136,0.176339806745877
-0.32792718959011,0.515534640711738,0.197808694539006
-0.299981796846751,0.515997659038693,0.219808149293077
-0.271460677746631,0.516510766908882,0.241862801900301
-0.242078254832579,0.517083277404403,0.264109357368406
-0.211964125743307,0.517714692656088,0.286609641844543
-0.181340840780057,0.518399633724486,0.30905928956826
-0.149931543108748,0.519143762651124,0.331692462330618
-0.118114248791299,0.519942745045592,0.354293309121253
-0.085942566710701,0.520798738340953,0.376972230387741
-0.053015550156113,0.5217202355995,0.399796409911149
-0.01993699671104,0.522684217693782,0.422335122372152
0.013659249639035,0.523702975158769,0.444914183031947
0.047607497055413,0.524774828906284,0.467600159306637
0.081694888897885,0.525891188252631,0.49009017893549
0.116107422287544,0.527048997647812,0.512346311766881
0.150698572397282,0.528244898915475,0.534295921560446
0.18554599867061,0.529487248447942,0.55607238021184
0.220176694511157,0.53077151661199,0.577591909498658
0.254754001779191,0.532095038343248,0.598846875977887
0.289447302513917,0.533457559826058,0.619636818798183
0.324267612239238,0.534870180614244,0.640035322453702
0.358561233048371,0.536320873750629,0.659862455787667
0.392664064983513,0.53781735132626,0.679134671003347
0.426143087800059,0.539341631478217,0.697794930635235
0.459586126571858,0.540916987149606,0.715946404695753
0.492274987499675,0.542514122156593,0.73349787117024
0.524594791658348,0.544165729907928,0.750842096778782
0.556432740083114,0.545853545438615,0.767726940838446
0.587525525034293,0.547567181831094,0.783767412310231
0.618420526253803,0.549327930313936,0.799244715855752
0.648068753759621,0.55110413226529,0.813668414614487
0.676809669280008,0.552905276485786,0.827382677299753
0.70477646885815,0.554755748802551,0.840390585736367
0.731735403076838,0.556610125975543,0.85250960106963
0.757758293151915,0.558495126983484,0.863845690660648
0.783059409382491,0.56041933274793,0.87450031766502
0.806812403883817,0.56235224634176,0.884202518562068
0.829395696620355,0.564304108250424,0.893054989237319
0.850913384292983,0.566287853310171,0.901013019524546
0.87098431141547,0.568271080976468,0.907999990517462
0.889652007666437,0.570273559583957,0.91399451909309
0.907009040165078,0.572294869360594,0.919055871113345
0.922837944110353,0.57433570341836,0.92319888675005
0.937352989801369,0.576397857991117,0.926426363351887
0.950381692493021,0.578454252900942,0.928652152061978
0.961980268075626,0.580538948256262,0.929795461657358
0.971911460523529,0.582615843661271,0.92987734337218
0.980169725356368,0.584701534754929,0.928902822951535
0.986814748354487,0.586784580308493,0.926807751026485
0.991920260091207,0.588872955990806,0.923619105417374
0.995476346595014,0.590990901196887,0.919242629697412
0.99720677524485,0.593078046849489,0.913896327413069
0.997278798411965,0.595184423919002,0.907405814692244
0.995681786115795,0.597293036518704,0.899804233004921
0.992600487051389,0.599393819881673,0.891145869880615
0.987882758474449,0.601480897199291,0.881391799501218
0.98136345932247,0.603578546915139,0.870452506708896
0.973235397982158,0.6056521817652,0.858664716424704
0.963614788230684,0.607713203929652,0.845902785021383
0.952469134272535,0.609789005974918,0.832048702314687
0.939996072965729,0.611831802222937,0.817462425443546
0.925908356165301,0.613871142673196,0.801931735209612
0.910368664800086,0.615876969694899,0.785583650208142
0.893318708389432,0.617876568470922,0.768067980314251
0.875056622087759,0.619852738109591,0.749739656921778
0.855619271181728,0.62180225710452,0.730802459770333
0.834863986277595,0.623755661431393,0.711307594564609
0.813263590379666,0.625664853023652,0.691690262381824
0.79038084062584,0.627566957301861,0.671290573409067
0.766654540410771,0.629425122185392,0.650329044065354
0.741820464034452,0.631258764571825,0.628688375356781
0.716267165743336,0.633054236988653,0.606790208331358
0.689499240709117,0.634830204648634,0.584139744161127
0.662369712743593,0.63655296864254,0.561431531335047
0.634432691798401,0.638239339376424,0.538286552812995
0.606007095649722,0.639892684788779,0.514898299780953
0.576833288399175,0.641505273264279,0.49123149719791
0.547128477818912,0.643069461046863,0.467399698455295
0.516804466280885,0.644580669692605,0.44358198128147
0.486022172230103,0.646041710697988,0.419562333462928
0.45495167535562,0.64742951612486,0.395559280085722
0.423293610436181,0.648761979976873,0.371322017504765
0.391163915860858,0.650032659241257,0.34700244649478
0.358689582261041,0.651252175126944,0.322793622045004
0.326460784689009,0.65239378913093,0.29915512957888
0.294043768531898,0.653465447635634,0.275882250585547
0.261074635957589,0.654470635725237,0.252797125842761
0.227965165608763,0.655401338682336,0.230092184492258
0.195257706804757,0.65625132826125,0.207911124913472
0.162799951568413,0.657020555651279,0.186506182614715
0.129908441719204,0.657717826303209,0.165396057160738
0.097533688455465,0.658336570296442,0.145029116132642
0.064784609330314,0.6589062497712,0.124630783162806
0.032582561122159,0.659442415817401,0.104661459172933
0.00071784497431,0.659913429337478,0.085076538304712
-0.030229553420564,0.660303163275218,0.066480897427388
-0.061580615688842,0.660621340722623,0.048166157770466
-0.092685939978063,0.660868996466593,0.030301810216486
-0.123353415551368,0.661039521537967,0.012988123121272
-0.153210993088952,0.661131080654317,-0.003169832253904
-0.182631548074913,0.661134819554153,-0.018559038281006
-0.212191155690936,0.661052095175013,-0.033438022132244
-0.241442695821821,0.66089489542551,-0.047541366149236
-0.270324095990377,0.660681924566964,-0.061065756184985
-0.298125625991569,0.660428880121402,-0.073950855799046
-0.324907063401776,0.660144743258144,-0.086322306248044
-0.350903956840443,0.659827932510417,-0.0981877611728
-0.376699376346935,0.659473137273756,-0.109709140218288
-0.402232718180581,0.659066944367025,-0.120866492029927
-0.426594338736723,0.658615425841655,-0.131234876300293
-0.450437458582778,0.658117039279437,-0.141252759892658
-0.473322723547895,0.657585324769333,-0.15075047649753
-0.495722791403522,0.657010080874453,-0.159667556444807
-0.517224396411253,0.656389823749433,-0.167755668187034
-0.53773262147346,0.655730644969984,-0.175061987350294
-0.557413121710432,0.655038528728271,-0.181640540694311
-0.576156916872359,0.654332003567086,-0.187421356571873
-0.593956846868704,0.653609439208954,-0.192658785097243
-0.610591719979507,0.652879172521917,-0.197246749860133
-0.626177896855591,0.652140305389043,-0.201143186322387
-0.640783747181976,0.651383290436861,-0.204248143793205
-0.65405701286347,0.650615341887246,-0.206393681784993
-0.666415365848039,0.649820957460984,-0.207729870942659
-0.677915389210129,0.649011783391768,-0.208261784423983
-0.688363430039536,0.648203068143158,-0.208162194069621
-0.697503836385689,0.647396734856846,-0.20733155219663
-0.705222010081591,0.646599197259181,-0.205970594649952
-0.711691060085368,0.645820129631465,-0.204014806982941
-0.71714264286469,0.645045415918439,-0.201323060583935
-0.721556287904303,0.644275885902054,-0.197963506452867
-0.724756481190029,0.643507380910427,-0.193710611908171
-0.726558712696502,0.642735263926792,-0.188687773215623
-0.727276906495735,0.641984301501759,-0.183025892069754
-0.726794665218492,0.641255645567915,-0.176832713807523
-0.725043050044351,0.640544590773508,-0.1700905440132
-0.721901551141819,0.639865438654465,-0.162725523199029
-0.717564317119675,0.639209949964149,-0.154670728353737
-0.712107410170468,0.638573331491543,-0.145717951392511
-0.705610729560902,0.637972139827044,-0.13621249039893
-0.697817650302463,0.637394533494148,-0.125801546601933
-0.688818059070196,0.636855848815682,-0.114850299648198
-0.678404221442507,0.636345737922646,-0.103065502527096
-0.66698809965414,0.63587613015081,-0.09087322885157
-0.65438292549733,0.635435525698591,-0.07802275287558
-0.640797204480344,0.635026765348892,-0.064699510701044
-0.626094582776476,0.634648853363375,-0.050689697696692
