0,0,0,0,0,0,0
0.0000406,-0.000000616,-0.000000617,-0.0000006,-0.0000006,-0.000000316,-0.000000399
0.000076,-0.00000126,-0.00000128,-0.00000124,-0.00000124,-0.000000656,-0.000000662
0.000114,-0.00000195,-0.00000199,-0.00000194,-0.00000194,-0.00000112,-0.00000102
0.000188,-0.00000329,-0.00000334,-0.00000328,-0.00000328,-0.00000199,-0.00000192
0.000341,-0.00000607,-0.00000616,-0.00000602,-0.00000602,-0.00000362,-0.00000371
0.000607,-0.0000109,-0.0000111,-0.0000108,-0.0000108,-0.00000638,-0.00000659
0.000987,-0.0000178,-0.0000181,-0.0000177,-0.0000177,-0.0000105,-0.0000105
0.00144,-0.000026,-0.0000265,-0.000026,-0.000026,-0.0000157,-0.0000153
0.00188,-0.000034,-0.0000347,-0.0000341,-0.0000341,-0.0000212,-0.0000203
0.00218,-0.0000396,-0.0000405,-0.0000399,-0.0000399,-0.0000258,-0.0000244
-0.00223,-0.0000406,-0.0000417,-0.0000411,-0.0000411,-0.0000275,-0.0000261
-0.00194,-0.0000354,-0.0000367,-0.0000362,-0.0000362,-0.0000249,-0.0000236
-0.00129,-0.0000238,-0.0000251,-0.0000248,-0.0000248,-0.0000168,-0.0000148
-0.000351,-0.00000678,-0.00000792,-0.00000794,-0.00000793,-0.00000332,0.00000194
-0.000753,0.000013,0.0000123,0.000012,0.000012,0.0000143,0.0000272
-0.00184,0.0000323,0.0000321,0.0000316,0.0000316,0.0000337,0.0000601
-0.00271,0.0000476,0.0000482,0.0000477,0.0000477,0.0000523,0.0000983
-0.00324,0.0000564,0.0000579,0.0000574,0.0000574,0.000068,0.000138004
-0.00335,0.0000577,0.0000599,0.0000596,0.0000597,0.0000795,0.00017521
-0.00308,0.0000521,0.0000549,0.0000549,0.0000549,0.0000873,0.000205789
-0.00255,0.0000419,0.0000451,0.0000451,0.0000451,0.0000929,0.000226347
-0.00192,0.0000303,0.0000337,0.0000334,0.0000334,0.0000989,0.000234771
-0.00137,0.0000205,0.0000241,0.0000231,0.0000231,0.000107941,0.000230766
-0.00103,0.0000152,0.0000188,0.0000167,0.0000167,0.000122204,0.000216152
-0.000952,0.000015,0.0000187,0.0000152,0.0000152,0.000142175,0.000194584
-0.00108,0.0000192,0.0000228,0.000018,0.0000179,0.000166068,0.00017056
-0.00131,0.0000255,0.0000287,0.0000228,0.0000228,0.00018972,0.000147939
-0.00147,0.0000306,0.0000333,0.0000269,0.0000269,0.00020732,0.000128518
-0.00141,0.0000314,0.0000332,0.0000271,0.0000271,0.000212815,0.000111221
-0.00103,0.0000259,0.0000264,0.0000215,0.0000215,0.000201544,0.0000922
-0.000292,0.0000134,0.0000122,0.00000915,0.00000914,0.000171582,0.0000655
0.000746,-0.0000054,-0.00000859,-0.00000915,-0.00000914,0.000124357,0.0000246
0.00198,-0.0000283,-0.0000335,-0.0000316,-0.0000315,0.0000644,-0.0000361
0.00327,-0.0000527,-0.0000595,-0.0000556,-0.0000556,-0.00000153,-0.000119635
0.00449,-0.0000761,-0.0000838,-0.0000788,-0.0000788,-0.0000663,-0.000225679
0.00555,-0.0000966,-0.000104147,-0.0000993,-0.0000992,-0.00012384,-0.000349511
0.00638,-0.000112863,-0.000119114,-0.000115686,-0.000115639,-0.000170941,-0.000482647
0.00696,-0.000124213,-0.000128096,-0.000127225,-0.000127171,-0.000208045,-0.000614123
0.00724,-0.000129919,-0.000130688,-0.000133162,-0.000133104,-0.000239131,-0.000732411
-0.00717,-0.000128837,-0.000126209,-0.000132385,-0.000132327,-0.000270476,-0.000827349
-0.00664,-0.000119185,-0.000113391,-0.000123206,-0.00012315,-0.000308646,-0.000891496
-0.00553,-0.0000988,-0.0000905,-0.000103569,-0.000103518,-0.000358263,-0.000920622
-0.00373,-0.0000657,-0.0000558,-0.0000717,-0.0000716,-0.000420195,-0.000913267
-0.0012,-0.0000193,-0.00000868,-0.0000269,-0.0000269,-0.000490673,-0.000869674
-0.00199,0.000039,0.0000498,0.0000293,0.0000294,-0.000561581,-0.000790529
-0.00565,0.000105139,0.000116182,0.0000932,0.0000932,-0.000621837,-0.000675998
-0.0094,0.000172672,0.000184565,0.000158622,0.000158605,-0.000659529,-0.000525373
-0.0128,0.000233606,0.000247481,0.00021781,0.000217777,-0.000664281,-0.000337384
-0.0154,0.000279775,0.000296971,0.000262844,0.000262795,-0.000629299,-0.000111081
-0.0167,0.000304347,0.000326012,0.000286885,0.000286821,-0.000552713,0.000152798
-0.0166,0.000303131,0.000329836,0.000285456,0.00028538,-0.000438026,0.00045004
-0.015,0.000275403,0.000306872,0.000257292,0.000257205,-0.00029357,0.000771004
-0.012,0.000224058,0.000259073,0.000204611,0.00020452,-0.000130813,0.00109931
-0.00795,0.000155018,0.000191495,0.000132719,0.000132627,0.0000385,0.00141247
-0.00337,0.000076,0.000111191,0.000049,0.0000489,0.000205854,0.0016854
0.00137,-0.00000489,0.0000258,-0.0000388,-0.0000388,0.00036826,0.00189631
0.0059,-0.0000808,-0.0000579,-0.0001234,-0.000123469,0.000528324,0.00203234
0.00999,-0.000146986,-0.000134582,-0.000199709,-0.000199765,0.000691046,0.00209178
0.0135,-0.000200841,-0.000200715,-0.000264355,-0.000264394,0.000859136,0.00208124
0.0162,-0.000241497,-0.000254064,-0.000315215,-0.000315228,0.00102922,0.00200897
0.0182,-0.000268563,-0.000292925,-0.000350315,-0.000350292,0.001191,0.0018775
0.0191,-0.00028104,-0.000315435,-0.000367018,-0.000366948,0.00132991,0.00167928
-0.0188,-0.000276838,-0.000319323,-0.000361981,-0.000361855,0.00143209,0.00139794
-0.0171,-0.000253275,-0.000302349,-0.000332078,-0.000331893,0.00148944,0.00101529
-0.0139,-0.000208502,-0.000263345,-0.000276037,-0.000275798,0.00150199,0.000521732
-0.00928,-0.000143325,-0.000203506,-0.000196151,-0.000195872,0.00147602,-0.0000745
-0.00358,-0.0000626,-0.000127422,-0.0000993,-0.000099,0.00141807,-0.000744621
-0.00255,0.0000242,-0.0000434,0.00000352,0.00000381,0.00132744,-0.0014441
-0.00828,0.000104321,0.0000372,0.0000984,0.0000987,0.00119098,-0.00212429
-0.0127,0.000164001,0.000101236,0.000171675,0.000171882,0.000983558,-0.00274367
-0.0153,0.000191389,0.000136565,0.000211979,0.000212109,0.000675069,-0.00327443
-0.0154,0.000179806,0.000134531,0.000213234,0.000213269,0.000241178,-0.00370252
-0.0134,0.000129985,0.000093,0.000176138,0.000176062,-0.000326402,-0.00402316
-0.00977,0.0000508,0.0000178,0.000108863,0.000108666,-0.00101278,-0.00423405
-0.00532,-0.0000423,-0.0000773,0.0000261,0.0000258,-0.0017763,-0.00432671
-0.00112,-0.000130344,-0.000174061,-0.0000537,-0.0000541,-0.00254916,-0.00427552
0.00198,-0.000196047,-0.000254076,-0.00011312,-0.000113665,-0.00324499,-0.00402837
0.00342,-0.000228271,-0.000303892,-0.00014035,-0.000140985,-0.00377534,-0.00350819
-0.00309,-0.000225403,-0.000318328,-0.000132622,-0.000133322,-0.00407056,-0.00263187
-0.00134,-0.000195684,-0.00030144,-0.0000964,-0.0000971,-0.00409555,-0.00134221
-0.00121,-0.000154166,-0.000264599,-0.0000442,-0.0000449,-0.00385332,0.000360507
-0.00384,-0.000117339,-0.000222316,0.00000943,0.00000879,-0.00337517,0.00240125
-0.00597,-0.0000976,-0.000187224,0.000053,0.0000525,-0.00270285,0.00463421
-0.00728,-0.0000994,-0.00016592,0.0000803,0.0000799,-0.0018706,0.00686518
-0.00778,-0.000119169,-0.000157006,0.0000911,0.0000909,-0.000894607,0.00888379
-0.00771,-0.000146873,-0.000151994,0.0000898,0.0000897,0.000226599,0.0104966
-0.00741,-0.000170853,-0.000138884,0.0000827,0.0000826,0.00150156,0.0115541
-0.00713,-0.000182279,-0.000107182,0.0000748,0.0000747,0.00292876,0.0119674
-0.00687,-0.00017861,-0.0000525,0.0000673,0.0000671,0.00447797,0.0117107
-0.0064,-0.000164499,0.0000211,0.0000567,0.0000563,0.0060765,0.0108103
-0.0053,-0.000149857,0.000101603,0.0000359,0.0000353,0.00760644,0.00932585
-0.00312,-0.000145759,0.000172978,-0.00000283,-0.00000378,0.00891681,0.00733112
0.000349,-0.000159636,0.0002201,-0.0000646,-0.0000659,0.00984833,0.0049042
0.00504,-0.000191441,0.000234384,-0.000148651,-0.000150359,0.0102635,0.00212833
0.0105,-0.00023226,0.000217484,-0.000247688,-0.000249815,0.0100726,-0.000899151
0.0159,-0.000266199,0.000181714,-0.000348333,-0.000350883,0.00924843,-0.00405659
0.0205,-0.000275261,0.000146437,-0.000434565,-0.000437521,0.00782616,-0.00719334
0.0234,-0.000245676,0.000131372,-0.000492307,-0.000495628,0.00589037,-0.0101356
0.0245,-0.000173249,0.000149349,-0.000513791,-0.000517417,0.00355456,-0.0127038
-0.0236,-0.000065,0.000201868,-0.000499378,-0.000503234,0.000941586,-0.0147375
-0.0211,0.0000654,0.000280863,-0.000454436,-0.000458445,-0.00182699,-0.0161181
-0.0177,0.000194321,0.000363444,-0.000394669,-0.000398766,-0.00463602,-0.0167854
-0.0141,0.000305596,0.000429365,-0.000331232,-0.000335377,-0.00736472,-0.0167245
-0.0105,0.000393086,0.000465251,-0.000269832,-0.000274021,-0.0098805,-0.0159467
-0.00693,0.000461176,0.000468345,-0.000209865,-0.000214124,-0.0120381,-0.0144625
-0.0031,0.000521788,0.000446659,-0.000145664,-0.000150044,-0.0136903,-0.0122634
-0.00143,0.000588291,0.000414834,-0.0000698,-0.0000743,-0.0147077,-0.00932304
-0.00694,0.000668672,0.00038721,0.0000229,0.0000181,-0.0150022,-0.00562112
-0.0134,0.00076067,0.000370988,0.000131532,0.000126418,-0.0145423,-0.00118649
-0.0203,0.000850925,0.000362456,0.00024799,0.000242534,-0.0133562,0.00385703
-0.0267,0.000918544,0.000347924,0.000358276,0.00035246,-0.0115172,0.00926042
-0.0317,0.000941549,0.000308961,0.000445912,0.000439748,-0.00911694,0.0146515
-0.0344,0.000903561,0.000229782,0.000496121,0.000489661,-0.00624039,0.0195741
-0.0342,0.00079841,0.000104056,0.000499492,0.000492834,-0.00295325,0.0235538
-0.0312,0.000631586,-0.0000611,0.000454455,0.00044775,0.000689337,0.0261724
-0.026,0.000418645,-0.000245553,0.000368097,0.00036154,0.00461679,0.0271303
-0.0194,0.000181265,-0.000420477,0.000254798,0.00024862,0.00871295,0.0262853
-0.0126,-0.0000579,-0.000556491,0.000132457,0.000126907,0.0127966,0.0236674
-0.00632,-0.000280255,-0.000631594,0.000017,0.0000123,0.0166202,0.0194719
-0.000982,-0.000474226,-0.000636392,-0.0000828,-0.0000863,0.0198867,0.0140329
0.00357,-0.00063599,-0.000574489,-0.000167836,-0.000170069,0.0222818,0.00777905
0.00785,-0.000767115,-0.000458397,-0.000247274,-0.000247982,0.0235182,0.00118147
0.0125,-0.000870447,-0.000302997,-0.000333425,-0.000332428,0.0233854,-0.00529224
0.018,-0.000945639,-0.0001191,-0.000435617,-0.000432749,0.0217927,-0.0112098
0.0243,-0.000986008,0.0000907,-0.00055493,-0.000550045,0.0187911,-0.0161933
0.0308,-0.000977822,0.000332765,-0.000681619,-0.0006746,0.0145714,-0.0199318
0.0366,-0.000902461,0.000618729,-0.000796091,-0.000786845,0.00943732,-0.0221945
0.0403,-0.000741193,0.000959129,-0.000873649,-0.000862111,0.00376453,-0.0228436
-0.0409,-0.000481501,0.00135533,-0.000892087,-0.000878208,-0.00204861,-0.0218487
-0.0377,-0.000123019,0.00179333,-0.000839555,-0.000823302,-0.00762837,-0.0193048
-0.0306,0.000319413,0.00224192,-0.000719241,-0.000700594,-0.0126603,-0.0154527
-0.0206,0.000817386,0.00265653,-0.000548527,-0.000527479,-0.0169005,-0.0106886
-0.00873,0.00133495,0.00298777,-0.00035323,-0.000329791,-0.0201639,-0.00554204
-0.00339,0.00183626,0.00319166,-0.000160052,-0.000134266,-0.0223023,-0.000611911
-0.0144,0.00229123,0.003238,0.0000094,0.0000374,-0.0231911,0.00352976
-0.0232,0.00267712,0.00311424,0.000141551,0.000171714,-0.0227393,0.00643703
-0.0295,0.00297677,0.00282423,0.000231096,0.00026318,-0.0209218,0.00785854
-0.0331,0.00317554,0.00238305,0.0002796,0.000313333,-0.017823,0.00775623
-0.0346,0.00325912,0.0018103,0.000293038,0.000328058,-0.0136666,0.00627854
-0.0343,0.00321309,0.00112423,0.000278701,0.000314535,-0.00881301,0.00371015
-0.0327,0.00302462,0.000339355,0.000242087,0.00027813,-0.00371653,0.000426381
-0.0298,0.00268567,-0.000531327,0.000184792,0.000220304,0.00114605,-0.00312886
-0.0254,0.00219634,-0.00147035,0.000104377,0.000138497,0.00535188,-0.00644402
-0.0195,0.0015668,-0.00244904,-0.00000354,0.0000282,0.00858898,-0.0089406
-0.0119,0.000817299,-0.00342373,-0.000141627,-0.000113221,0.0106809,-0.0100003
-0.00283,-0.0000234,-0.00433682,-0.00030696,-0.000282972,0.0115798,-0.00903715
0.00699,-0.000919762,-0.00512229,-0.000488424,-0.000469922,0.0113408,-0.00561734
0.0165,-0.00183103,-0.00571368,-0.000666644,-0.000654708,0.0100935,0.000388241
0.0246,-0.00271274,-0.00605269,-0.00081709,-0.000812803,0.00803194,0.00866222
0.03,-0.00351891,-0.00609619,-0.000915878,-0.000920312,0.00543029,0.0183768
0.032,-0.00420481,-0.00582011,-0.000946476,-0.000960684,0.00267393,0.0282606
-0.0302,-0.00472962,-0.00521869,-0.000904604,-0.0009296,0.000274049,0.0368044
-0.025,-0.00505863,-0.00430015,-0.000799203,-0.000835943,-0.00116775,0.0425623
-0.0173,-0.00516569,-0.00308224,-0.000649331,-0.000698692,-0.0010604,0.0444614
-0.00833,-0.00503639,-0.001592,-0.000478807,-0.000541552,0.001024,0.0420265
-0.000554,-0.00467087,0.000129023,-0.00031087,-0.000387617,0.00518808,0.0354545
-0.00816,-0.00408394,0.00201735,-0.000164344,-0.000255526,0.011096,0.0255256
-0.0137,-0.00330079,0.00398379,-0.0000517,-0.000157486,0.0179632,0.0133929
-0.0167,-0.00234916,0.00591817,0.0000216,-0.0000989,0.0246727,0.000323532
-0.0172,-0.00125178,0.00770235,0.0000558,-0.0000789,0.02999,-0.0125298
-0.0157,-0.0000236,0.00922705,0.0000563,-0.0000919,0.032816,-0.0242692
-0.0127,0.00132435,0.0104057,0.0000318,-0.000128748,0.0324091,-0.0342864
-0.00883,0.00277504,0.0111804,-0.00000752,-0.000178887,0.02852,-0.0422112
-0.0047,0.00429443,0.0115188,-0.0000512,-0.000231558,0.0214122,-0.0478171
-0.000771,0.00582363,0.0114055,-0.0000904,-0.000277431,0.0117728,-0.050935
0.00261,0.00727849,0.0108318,-0.000118242,-0.00030961,0.00055318,-0.0514111
0.00525,0.00855737,0.00979129,-0.000131274,-0.000324243,-0.0112103,-0.0491193
0.0071,0.00955529,0.00828185,-0.000128988,-0.000320683,-0.0225452,-0.0440113
0.00821,0.0101798,0.00631555,-0.000113794,-0.000301171,-0.032636,-0.0361789
0.00872,0.0103641,0.00393112,-0.0000902,-0.000270065,-0.0408576,-0.0259037
-0.00882,0.0100735,0.00120367,-0.0000635,-0.000232667,-0.0467635,-0.0136825
-0.0087,0.00930555,-0.00175314,-0.0000386,-0.000193846,-0.0500485,-0.000224337
-0.00846,0.00808486,-0.00479392,-0.0000184,-0.000156746,-0.0505058,0.0135813
-0.00811,0.00645704,-0.00775521,-0.00000318,-0.000121867,-0.0479952,0.0267269
-0.00754,0.00448349,-0.0104719,0.00000989,-0.0000868,-0.042439,0.0381831
-0.0065,0.00223814,-0.0127925,0.0000259,-0.000047,-0.0338567,0.0470215
-0.0047,-0.000194703,-0.0145902,0.0000506,0.00000279,-0.0224395,0.0525465
-0.00195,-0.00272254,-0.0157704,0.0000883,0.0000665,-0.00864625,0.0544012
-0.00181,-0.00524722,-0.016273,0.000139966,0.000144392,0.00671514,0.052613
-0.00632,-0.00766726,-0.0160714,0.000201607,0.000231846,0.0224706,0.0475626
-0.0111,-0.00987928,-0.0151669,0.000264689,0.000319579,0.0371674,0.0398851
-0.0153,-0.0117792,-0.0135801,0.000317535,0.000395077,0.0492745,0.0303383
-0.0182,-0.013265,-0.0113427,0.000347703,0.000445043,0.0574567,0.0196835
-0.0192,-0.0142427,-0.00849471,0.000344637,0.00045811,0.0608458,0.00860859
-0.0178,-0.0146357,-0.00508938,0.000302197,0.000427436,0.0592219,-0.00229718
-0.0141,-0.0143937,-0.00120709,0.000220783,0.00035285,0.0530453,-0.0125342
-0.00878,-0.0134974,0.00302865,0.000108651,0.000242158,0.0433261,-0.0216763
-0.00262,-0.0119558,0.00744061,-0.0000183,0.00011091,0.0313769,-0.0293687
0.00323,-0.00979866,0.0118006,-0.000139018,-0.00002,0.0185289,-0.0353427
0.00777,-0.00706712,0.0158492,-0.000231788,-0.000128997,0.00589758,-0.0394341
0.0103,-0.00381112,0.0193285,-0.000280112,-0.000199424,-0.00574054,-0.0415841
-0.0106,-0.0000973,0.0220179,-0.00027733,-0.000224283,-0.0159466,-0.0418109
-0.00886,0.00397336,0.0237604,-0.000228253,-0.000207813,-0.0245272,-0.0401578
-0.00592,0.00824519,0.02447,-0.000147063,-0.000163414,-0.0314123,-0.0366422
-0.0027,0.0124979,0.0241207,-0.0000526,-0.000108941,-0.0365592,-0.0312345
-0.000131,0.0164558,0.0227277,0.0000371,-0.0000614,-0.0399165,-0.0238948
-0.00109,0.0198211,0.020333,0.000108517,-0.000033,-0.0414388,-0.0146689
-0.000651,0.0223215,0.0170076,0.000154989,-0.0000288,-0.0411244,-0.00381761
0.00129,0.0237586,0.0128687,0.000177037,-0.0000465,-0.0390383,0.00807176
0.00421,0.0240395,0.00809958,0.00018141,-0.0000773,-0.0353014,0.0200515
0.00736,0.0231799,0.00295814,0.000179098,-0.000108084,-0.030053,0.0308954
0.00995,0.0212819,-0.0022407,0.000182395,-0.000124716,-0.0234141,0.0392974
0.0114,0.0184962,-0.00716621,0.000201445,-0.000115452,-0.0154876,0.0441367
-0.0114,0.0149871,-0.0115254,0.000241206,-0.0000742,-0.00641338,0.0447297
-0.01,0.0109127,-0.0151087,0.000299868,-0.00000202,0.00353602,0.0409842
-0.00759,0.00642607,-0.0178107,0.000369297,0.0000933,0.0138651,0.0334115
-0.00467,0.00169017,-0.0196187,0.000437357,0.000199859,0.0238214,0.0229973
-0.00181,-0.00310593,-0.0205757,0.000491248,0.000304662,0.0324535,0.0109797
-0.000575,-0.00774315,-0.0207364,0.00052084,0.000397134,0.0387586,-0.00139375
-0.00234,-0.0119867,-0.0201348,0.000521165,0.000471273,0.0418855,-0.0130612
-0.0036,-0.0156142,-0.0187784,0.000493489,0.000526604,0.0413298,-0.0232463
-0.00473,-0.0184472,-0.0166676,0.000444727,0.000567528,0.0370635,-0.0314538
-0.0062,-0.0203719,-0.01383,0.000385191,0.000601173,0.0295572,-0.0373834
-0.0084,-0.0213446,-0.0103525,0.000325135,0.000634142,0.0196899,-0.0408134
-0.0115,-0.0213799,-0.00639517,0.000271017,0.000669029,0.0085705,-0.041512
-0.0152,-0.0205307,-0.00218297,0.000222795,0.000701906,-0.00267426,-0.0392222
-0.0188,-0.0188692,0.00202351,0.000173309,0.000721796,-0.0130888,-0.0337379
-0.0216,-0.0164759,0.0059665,0.00011007,0.000712472,-0.022001,-0.0250487
-0.0222,-0.0134392,0.00942739,0.0000188,0.000656001,-0.0290358,-0.0134969
-0.0199,-0.00986233,0.0122526,-0.000112265,0.000537033,-0.0340375,0.000116709
-0.014,-0.00587158,0.0143659,-0.000288442,0.00034707,-0.0369468,0.0145323
-0.00487,-0.00162099,0.0157685,-0.000504811,0.0000884,-0.037684,0.0281554
0.00666,0.00270983,0.0165287,-0.000743295,-0.00022257,-0.0360914,0.0392897
0.0189,0.00692351,0.0167617,-0.000971294,-0.000553739,-0.0319528,0.0464355
0.0298,0.010817,0.0166005,-0.00114405,-0.000859511,-0.0250963,0.0485966
0.0371,0.014197,0.0161616,-0.00121263,-0.00108879,-0.0155569,0.0455015
-0.0392,0.0168956,0.0155162,-0.001137,-0.00119812,-0.00374576,0.03766
-0.0352,0.0187876,0.0146736,-0.00089965,-0.00116543,0.00944772,0.0262381
-0.0253,0.0198074,0.0135887,-0.000512817,-0.000997287,0.0226851,0.0127945
-0.011,0.019966,0.0121935,-0.000015,-0.000725453,0.0343614,-0.00103555
-0.0056,0.0193547,0.0104435,0.000541094,-0.000395007,0.0429002,-0.0138182
-0.0216,0.018126,0.00835287,0.00110155,-0.0000512,0.0470789,-0.0244966
-0.0344,0.0164486,0.00599526,0.00162003,0.000268704,0.0462931,-0.0324443
-0.0419,0.0144546,0.00346597,0.00206065,0.000538299,0.0406767,-0.0374092
-0.0432,0.0122086,0.000827694,0.00239828,0.000741737,0.0310454,-0.0394022
-0.0382,0.00971255,-0.00192723,0.00261896,0.000873899,0.018688,-0.0385898
-0.0281,0.00694638,-0.0048736,0.00272108,0.000941257,0.00506798,-0.0352417
-0.015,0.00391919,-0.0081069,0.00271623,0.000962336,-0.00846021,-0.0297484
-0.000997,0.000705537,-0.0116744,0.00262748,0.000965579,-0.020816,-0.02265
0.0119,-0.00254905,-0.0155097,0.00248393,0.000983265,-0.0312113,-0.0145983
0.0223,-0.00565933,-0.0193963,0.00231213,0.00104238,-0.0390928,-0.00625852
0.0294,-0.00846225,-0.0229869,0.00212802,0.00115613,-0.0440896,0.0017683
0.0332,-0.0108808,-0.0258854,0.00193337,0.00132014,-0.0459865,0.0089638
-0.0343,-0.0129536,-0.0277573,0.0017181,0.00151486,-0.0447107,0.0148875
-0.0333,-0.0148089,-0.028417,0.00146685,0.00171255,-0.0403413,0.019184
-0.0309,-0.0165888,-0.0278467,0.00116646,0.00188524,-0.0331481,0.0216055
-0.0275,-0.0183601,-0.0261381,0.000811445,0.00201073,-0.023631,0.0220448
-0.0231,-0.020054,-0.023384,0.000406138,0.00207527,-0.0125223,0.0205766
-0.0179,-0.0214641,-0.0195766,-0.0000358,0.00207325,-0.000738798,0.0174917
-0.0116,-0.0223058,-0.0145704,-0.000493795,0.0020052,0.0107061,0.0133017
-0.00415,-0.0223101,-0.00814339,-0.000943708,0.00187492,0.0208119,0.00869231
-0.00412,-0.0213109,-0.00014502,-0.00136154,0.00168682,0.028699,0.00441429
-0.0128,-0.0192852,0.00932084,-0.0017263,0.00144425,0.0337025,0.00112673
-0.0213,-0.0163298,0.0197555,-0.0020212,0.0011497,0.0354511,-0.000758792
-0.0289,-0.0125885,0.0302365,-0.00223322,0.000806297,0.0339243,-0.00117455
-0.0351,-0.00816989,0.0395298,-0.00235145,0.000420082,0.0294768,-0.000395424
-0.0394,-0.0031035,0.0463217,-0.00236538,0.00000171,0.022812,0.00105972
-0.0418,0.00264043,0.0495009,-0.00226408,-0.000432973,0.0148943,0.00259015
-0.042,0.00906851,0.0484078,-0.00203697,-0.000863872,0.0068059,0.00368674
-0.0401,0.0160539,0.0429787,-0.00167618,-0.00126898,-0.000426892,0.00406298
-0.0361,0.0232469,0.0337489,-0.0011797,-0.00162718,-0.00599941,0.00370595
-0.03,0.0300497,0.0217237,-0.000553863,-0.00192038,-0.00944735,0.00283786
-0.0217,0.0356764,0.00816419,0.000186145,-0.00213394,-0.0106905,0.00181026
-0.0115,0.0392862,-0.00564843,0.00101837,-0.00225505,-0.00999543,0.000973495
0.000176,0.040155,-0.0186072,0.00191795,-0.00226987,-0.00787607,0.000565572
0.0126,0.0378372,-0.0298949,0.00286115,-0.00216095,-0.00496362,0.000647882
0.0246,0.0322783,-0.0390052,0.00382753,-0.00190676,-0.00187556,0.00109818
0.035,0.0238483,-0.045681,0.00479856,-0.00148479,0.000891927,0.00166804
0.0429,0.0132839,-0.0498028,0.00575288,-0.000878008,0.00302646,0.0020867
0.0473,0.00155923,-0.0512794,0.00666,-0.000083,0.00441219,0.00217268
-0.048,-0.0102821,-0.0499809,0.00747598,0.00088391,0.00510082,0.00191599
-0.0453,-0.0212924,-0.0457443,0.00814402,0.00198471,0.00525401,0.00150271
-0.04,-0.0307467,-0.0384585,0.00860059,0.00316395,0.00507174,0.00126551
-0.0333,-0.0382001,-0.0282057,0.00878522,0.0043563,0.0047219,0.00156282
-0.0262,-0.0434636,-0.015411,0.00865052,0.00549521,0.00428974,0.00261976
-0.0195,-0.0465091,-0.000933911,0.00816952,0.00651973,0.00376879,0.00439175
-0.0136,-0.0473423,0.0139483,0.00733907,0.00737856,0.00310339,0.00651391
-0.00828,-0.0458934,0.0276897,0.00617981,0.00803157,0.00226846,0.00837216
-0.00315,-0.0419811,0.0387312,0.00473336,0.00844956,0.00134804,0.00928832
-0.00248,-0.0353772,0.0457978,0.00305776,0.00861289,0.000565822,0.00876285
-0.00915,-0.0259633,0.0481509,0.00122132,0.00850924,0.000232983,0.00667939
-0.017,-0.0139286,0.0457207,-0.000703902,0.00813135,0.000613438,0.00336924
-0.0258,0.0000713,0.0390821,-0.00264768,0.00747577,0.00175663,-0.000517298
-0.0347,0.0148716,0.0292899,-0.00454497,0.00654362,0.00338746,-0.00428998
-0.0427,0.028917,0.017633,-0.00633672,0.00534302,0.00493521,-0.00751689
-0.0488,0.0405257,0.00539317,-0.00796906,0.0038921,0.00571823,-0.0101869
-0.0519,0.0482272,-0.0063289,-0.00939159,0.00222132,0.00521535,-0.0126391
-0.0515,0.0510712,-0.0166924,-0.010556,0.000374529,0.00330166,-0.0152714
-0.0473,0.0488142,-0.0251136,-0.0114155,-0.00159159,0.000332277,-0.018151
-0.0394,0.0419334,-0.0312209,-0.0119258,-0.00360967,-0.00297706,-0.0207197
-0.0284,0.0314779,-0.0348067,-0.0120478,-0.00560503,-0.0058277,-0.0217639
-0.015,0.0188181,-0.0357987,-0.0117513,-0.00749958,-0.00764858,-0.0197137
-0.0000568,0.00537529,-0.0342521,-0.0110175,-0.00921501,-0.00829904,-0.0131804
0.0154,-0.00759493,-0.0303504,-0.00984122,-0.0106748,-0.00807989,-0.0015498
0.0303,-0.0191241,-0.024402,-0.00823067,-0.0118049,-0.00753495,0.0145607
0.0432,-0.0285443,-0.016818,-0.00620653,-0.0125342,-0.00710817,0.0332032
0.0529,-0.0354292,-0.00807694,-0.00380296,-0.0127975,-0.00683585,0.0514424
0.058,-0.0395175,0.00130445,-0.00107195,-0.0125418,-0.0062281,0.066015
-0.0576,-0.0406589,0.0107859,0.00190918,-0.011736,-0.00439435,0.0740947
-0.0514,-0.0388003,0.0198072,0.00503042,-0.0103807,-0.0003765,0.0739443
-0.0397,-0.0340111,0.0277929,0.00814683,-0.00851373,0.00642675,0.0652741
-0.024,-0.0265269,0.0341736,0.0110851,-0.00620893,0.0159054,0.049215
-0.00617,-0.0167867,0.0384359,0.0136586,-0.00356773,0.0270922,0.027948
-0.0112,-0.0054456,0.0401943,0.0156872,-0.00070841,0.0382857,0.00413773
-0.0257,0.00664383,0.0392642,0.017017,0.00224334,0.04741,-0.0196468
-0.0351,0.0184916,0.0357101,0.0175352,0.00516034,0.0525234,-0.0413687
-0.0385,0.0290646,0.0298502,0.0171799,0.00791726,0.0522955,-0.0597084
-0.0358,0.0374081,0.0222136,0.0159445,0.0103937,0.0462914,-0.0740105
-0.0282,0.0427746,0.0134592,0.013879,0.0124792,0.034999,-0.0840864
-0.0179,0.0447351,0.00428021,0.0110861,0.01408,0.0196384,-0.0899757
-0.00704,0.0432409,-0.00468595,0.0077133,0.0151242,0.00186728,-0.0917108
0.00202,0.038622,-0.0129197,0.00393745,0.0155641,-0.0165272,-0.0891095
0.00781,0.0315134,-0.0200443,-0.0000548,0.0153722,-0.0339355,-0.0816923
0.0098,0.0227277,-0.0258173,-0.00408684,0.0145374,-0.0491856,-0.0688482
-0.00852,0.0131105,-0.0301026,-0.00800513,0.0130626,-0.0616506,-0.0502289
-0.00529,0.00342159,-0.0328309,-0.0116818,0.0109697,-0.0711491,-0.02621
-0.00185,-0.00572948,-0.033953,-0.0150101,0.00830668,-0.0776906,0.0017759
-0.000199,-0.0138932,-0.0333945,-0.0178961,0.00515303,-0.0811725,0.0311907
0.000218,-0.0207575,-0.0310341,-0.0202534,0.00162074,-0.0811356,0.0586844
0.00334,-0.0261179,-0.0267245,-0.0220004,-0.00215028,-0.0766851,0.0806876
0.00855,-0.029857,-0.0203638,-0.0230602,-0.00599986,-0.0666622,0.0941729
0.0145,-0.0319351,-0.0120053,-0.023364,-0.00975674,-0.0500723,0.0973981
0.0196,-0.032383,-0.00197617,-0.0228559,-0.0132492,-0.0266634,0.0904088
0.0223,-0.0312837,0.00904442,-0.0215029,-0.0163179,0.00253917,0.0751038
-0.0214,-0.0287366,0.0200384,-0.0193052,-0.018828,0.0349638,0.0547911
-0.0166,-0.0248153,0.0297774,-0.0163046,-0.0206788,0.066664,0.0333253
-0.00824,-0.0195448,0.0370484,-0.0125868,-0.0218054,0.0929893,0.0140953
-0.00259,-0.0129241,0.0409164,-0.00827692,-0.0221743,0.109637,-0.000788974
-0.0144,-0.00500676,0.0409374,-0.00353282,-0.0217759,0.113784,-0.0108296
-0.0255,0.00398186,0.0372474,0.00146014,-0.0206195,0.104904,-0.0169084
-0.0344,0.013542,0.0304917,0.00649171,-0.0187322,0.0849513,-0.0206311
-0.0401,0.0228768,0.0216293,0.0113295,-0.0161618,0.0578091,-0.0235667
-0.0418,0.0309863,0.0116986,0.0157273,-0.0129789,0.0282208,-0.0266844
-0.0397,0.0368617,0.00163212,0.0194408,-0.00927681,0.00057343,-0.0301655
-0.034,0.0397207,-0.00782526,0.0222505,-0.00516973,-0.0220572,-0.0335883
-0.0255,0.039195,-0.0160975,0.0239862,-0.000790111,-0.0383224,-0.0363293
-0.0153,0.035405,-0.0227088,0.024546,0.00371217,-0.0484265,-0.0379462
-0.00437,0.0289001,-0.0272286,0.023907,0.00816941,-0.0535299,-0.0383463
0.00631,0.0204995,-0.0292744,0.0221237,0.012396,-0.055028,-0.0376823
0.0159,0.0110965,-0.02858,0.0193167,0.0161919,-0.0540065,-0.0360717
0.0238,0.00150154,-0.0250976,0.0156564,0.0193521,-0.0510506,-0.0333351
0.0296,-0.00762934,-0.019078,0.0113447,0.0216833,-0.0463956,-0.028928
0.0334,-0.0157792,-0.0110848,0.00660018,0.023025,-0.0402354,-0.0221256
0.0351,-0.0225107,-0.00193177,0.0016467,0.0232716,-0.0329798,-0.012389
-0.0352,-0.0274177,0.00743016,-0.00329539,0.0223882,-0.0253179,0.000248757
-0.0339,-0.030125,0.0160355,-0.00801721,0.0204171,-0.0180634,0.0149498
-0.0318,-0.030342,0.0230037,-0.01233,0.0174719,-0.0118721,0.0301044
-0.0289,-0.0279415,0.0276091,-0.0160732,0.013723,-0.00698106,0.0436266
-0.0253,-0.0230258,0.0293363,-0.0191205,0.00937837,-0.0031015,0.0534156
-0.0211,-0.015953,0.0279375,-0.0213806,0.00466446,0.000481163,0.0578359
-0.0159,-0.00731958,0.0234897,-0.0227944,-0.000189255,0.0046406,0.0560809
-0.00968,0.00208889,0.0164273,-0.0233296,-0.00496195,0.0100787,0.0483316
-0.00232,0.011364,0.00751715,-0.0229765,-0.00945043,0.0170462,0.0356884
-0.006,0.019551,-0.00224398,-0.0217476,-0.0134766,0.0251976,0.0199141
-0.0148,0.0257416,-0.0117952,-0.0196799,-0.0168939,0.0336087,0.00306217
-0.0235,0.029185,-0.020194,-0.0168396,-0.019591,0.0409483,-0.0129212
-0.0311,0.0294103,-0.0267547,-0.013325,-0.0214922,0.0457557,-0.026529
-0.0369,0.0263287,-0.0310969,-0.00926508,-0.0225545,0.0467619,-0.036885
-0.04,0.0202802,-0.0330993,-0.00481559,-0.022762,0.043183,-0.043758
-0.04,0.0119928,-0.0327967,-0.000151683,-0.0221197,0.0349273,-0.047405
-0.037,0.00245607,-0.0302796,0.00453929,-0.0206511,0.022665,-0.0482972
-0.0312,-0.00726105,-0.0256493,0.00906503,-0.0183967,0.0077324,-0.0468189
-0.0235,-0.0161906,-0.0190475,0.0132359,-0.0154169,-0.00811862,-0.0430474
-0.0148,-0.0235894,-0.0107364,0.0168739,-0.0117948,-0.0230669,-0.036705
-0.00617,-0.0289749,-0.00117854,0.019824,-0.00763847,-0.0355715,-0.027317
0.00139,-0.0320803,0.00893672,0.0219662,-0.00308306,-0.0446244,-0.0145394
0.00724,-0.0327667,0.0187523,0.0232257,0.00170972,-0.0498281,0.00145297
0.011,-0.0309493,0.0273786,0.0235781,0.00655329,-0.0512709,0.0196747
0.0127,-0.0265839,0.03406,0.0230474,0.0112405,-0.0492598,0.0382851
-0.0127,-0.0197232,0.0383113,0.0216987,0.0155516,-0.0440457,0.0548528
-0.0114,-0.0106156,0.0399807,0.0196263,0.0192676,-0.0356804,0.0668747
-0.00941,0.000209828,0.0392291,0.0169449,0.0221891,-0.0240905,0.0723892
-0.0074,0.0119226,0.0364472,0.013784,0.0241576,-0.00934963,0.0704738
-0.00581,0.0234627,0.0321511,0.0102863,0.0250765,0.00797436,0.0614567
-0.00498,0.0336906,0.02689,0.0066064,0.0249238,0.0265737,0.0467735
0.00508,0.041571,0.0211775,0.00290542,0.0237525,0.0444097,0.0285362
0.00613,0.0463356,0.0154376,-0.000660102,0.0216785,0.0590315,0.00897929
0.00803,0.0475834,0.00995273,-0.00395269,0.0188603,0.0681271,-0.0100234
0.0106,0.0453085,0.00481291,-0.00686632,0.0154758,0.0701234,-0.0272216
0.0136,0.039868,-0.000108681,-0.00933078,0.0117061,0.0646207,-0.0419846
0.0168,0.0319164,-0.0051202,-0.0113055,0.00772632,0.0525012,-0.0540901
0.0198,0.0223217,-0.0105953,-0.012766,0.00370525,0.0356724,-0.0634403
0.0222,0.0120623,-0.0167971,-0.0136892,-0.000193785,0.0165448,-0.0698453
0.0238,0.00209886,-0.0237065,-0.0140471,-0.00381498,-0.00256973,-0.0729592
-0.0241,-0.00677618,-0.0309396,-0.0138105,-0.0070181,-0.0199362,-0.0723748
-0.0229,-0.0140814,-0.0378136,-0.0129628,-0.0096903,-0.0346132,-0.067809
-0.02,-0.0197295,-0.0435537,-0.011516,-0.0117566,-0.0463828,-0.0592826
-0.0154,-0.0240003,-0.0475556,-0.00952039,-0.013183,-0.0554718,-0.0472137
-0.00921,-0.0273891,-0.0495734,-0.00706254,-0.0139709,-0.0622064,-0.032393
-0.00162,-0.0303725,-0.0497222,-0.00425327,-0.0141438,-0.0667336,-0.0158683
-0.00693,-0.0331858,-0.0482709,-0.00121125,-0.0137338,-0.0688934,0.00120468
-0.016,-0.0357133,-0.0453133,0.00194902,-0.0127733,-0.0682522,0.0176914
-0.025,-0.0375532,-0.040497,0.00511911,-0.0112962,-0.0642594,0.0325615
-0.0334,-0.0382319,-0.0329868,0.00818841,-0.00934566,-0.0564548,0.0449352
-0.0407,-0.0374577,-0.0217502,0.0110321,-0.00698505,-0.0446635,0.0541209
-0.0462,-0.035277,-0.00609227,0.013504,-0.00430404,-0.0291389,0.0596658
-0.0497,-0.0320342,0.0137679,0.0154415,-0.0014169,-0.0106398,0.0614131
-0.0506,-0.0281424,0.0363386,0.0166847,0.00154691,0.00956565,0.0595358
-0.0485,-0.0237738,0.0589096,0.0171025,0.00445552,0.0297836,0.0545117
-0.0435,-0.0186416,0.0780591,0.0166189,0.00718533,0.0480798,0.0470272
-0.0354,-0.0120133,0.0904694,0.0152284,0.00962595,0.0625596,0.0378345
-0.0245,-0.00299456,0.0937787,0.0129971,0.0116796,0.071701,0.0276124
-0.0114,0.00901119,0.0871832,0.0100518,0.0132584,0.0746563,0.0168849
0.00303,0.0238539,0.0716031,0.00656378,0.0142853,0.071434,0.00602034
0.0178,0.040386,0.049395,0.00273341,0.014699,0.0628896,-0.00470273
0.0316,0.0565376,0.0237198,-0.00122048,0.0144646,0.0504989,-0.0150096
0.0432,0.0697399,-0.00221818,-0.00506879,0.013583,0.0359817,-0.0245884
0.0518,0.0775563,-0.0258001,-0.00858182,0.0120942,0.0209241,-0.0331152
0.0565,0.0782953,-0.045331,-0.0115438,0.0100736,0.00652545,-0.0403107
-0.0572,0.0714144,-0.0600624,-0.0137702,0.00762169,-0.006474,-0.045976
-0.0541,0.0576077,-0.0699718,-0.0151231,0.00485341,-0.017708,-0.0499699
-0.0479,0.0385821,-0.0754265,-0.0155173,0.0018928,-0.0270227,-0.0521341
-0.0395,0.0166239,-0.0768598,-0.0149169,-0.00112748,-0.0343403,-0.05222
-0.0301,-0.00589229,-0.0745547,-0.0133251,-0.00406387,-0.0396169,-0.0498912
-0.0207,-0.0269156,-0.0685717,-0.0107756,-0.00676262,-0.0428914,-0.0448365
-0.012,-0.0449658,-0.0588212,-0.00733393,-0.00906726,-0.0443605,-0.0369574
-0.00454,-0.0591986,-0.0452488,-0.00311057,-0.0108329,-0.0443935,-0.0265436
-0.00178,-0.0693164,-0.0280826,0.00171766,-0.0119423,-0.0434448,-0.0143527
-0.0073,-0.0753801,-0.00807348,0.00689087,-0.012317,-0.041887,-0.00154409
-0.0125,-0.077582,0.0133582,0.0120662,-0.0119178,-0.0398455,0.0105264
-0.0181,-0.0760438,0.0341535,0.0168411,-0.010737,-0.0371226,0.0205882
-0.0242,-0.0706979,0.0518683,0.0207976,-0.00878862,-0.0332643,0.0277186
-0.0312,-0.0613023,0.0641308,0.0235539,-0.0061065,-0.0277546,0.0315021
-0.0385,-0.0476102,0.069193,0.0248105,-0.00275641,-0.0202652,0.0320445
-0.0455,-0.0296658,0.0664078,0.0243796,0.00114107,-0.0108543,0.0298658
-0.0512,-0.00813653,0.0564537,0.0221976,0.00538793,-0.0000364,0.025739
-0.0545,0.0154533,0.0412018,0.0183279,0.00970136,0.0112973,0.0205436
-0.0545,0.0387218,0.0232445,0.01296,0.0137319,0.0220644,0.0151703
-0.0505,0.058737,0.00523499,0.00640913,0.0171067,0.031212,0.0104695
-0.0424,0.0725977,-0.0107366,-0.000891132,0.0194852,0.0378991,0.0072087
-0.0305,0.0781304,-0.0235158,-0.00841356,0.0206107,0.0416043,0.00600057
-0.0157,0.0744751,-0.0328992,-0.0155851,0.0203416,0.0421552,0.00719458
0.000559,0.062356,-0.0393383,-0.0218529,0.0186573,0.0397103,0.0107601
0.0169,0.0439412,-0.0434826,-0.0267532,0.0156449,0.0347334,0.0162153
0.032,0.022304,-0.0457489,-0.0299611,0.0114763,0.0279658,0.0226565
0.0445,0.00064336,-0.0461113,-0.0313002,0.00639089,0.0203588,0.0289037
0.0536,-0.0184444,-0.044183,-0.0307084,0.000687232,0.0129563,0.0337083
0.0592,-0.0334134,-0.039505,-0.0281775,-0.00527989,0.00674431,0.0359637
0.0611,-0.0438338,-0.0318854,-0.0237027,-0.0111099,0.0024966,0.0348836
-0.06,-0.0501122,-0.0216337,-0.017275,-0.0163828,0.000647192,0.0301193
-0.0561,-0.0530198,-0.00959153,-0.00893377,-0.0207018,0.0012167,0.0218046
-0.0501,-0.0532344,0.00304079,0.00113036,-0.0237407,0.00380944,0.0105243
-0.0422,-0.0510684,0.0149975,0.0124642,-0.0252773,0.00768289,-0.00278103
-0.0325,-0.0464524,0.0252371,0.0242847,-0.0251988,0.0118744,-0.0169538
-0.021,-0.0391355,0.0331258,0.0355031,-0.0234772,0.0153578,-0.0307778
-0.00772,-0.028983,0.0384731,0.0448558,-0.0201291,0.017198,-0.0431333
-0.00731,-0.0162391,0.0414385,0.0511197,-0.0151879,0.016675,-0.0531338
-0.0235,-0.00165621,0.042369,0.0533576,-0.00870749,0.0133693,-0.0602284
-0.0401,0.0135481,0.0416296,0.0511226,-0.000809223,0.00721284,-0.0642424
-0.0557,0.0278878,0.0394811,0.0445598,0.0082419,-0.00149183,-0.0653215
-0.0686,0.0398846,0.0360298,0.0343726,0.0179649,-0.012084,-0.0637793
-0.0773,0.0483447,0.0312455,0.0216687,0.0276325,-0.0235995,-0.0598812
-0.0805,0.0525686,0.0250236,0.00773602,0.036313,-0.0348863,-0.0536335
-0.0771,0.0524541,0.0172766,-0.00618655,0.0429879,-0.0447882,-0.0446805
-0.0671,0.0484708,0.00803181,-0.019082,0.046726,-0.0523643,-0.0324074
-0.051,0.0415176,-0.0024823,-0.0302379,0.0468673,-0.0570675,-0.0162844
-0.0303,0.0326979,-0.0137948,-0.0392355,0.0431642,-0.0587732,0.00364821
-0.00697,0.0230758,-0.0252156,-0.0458743,0.0358388,-0.0576033,0.0263987
0.0168,0.0134681,-0.0359228,-0.0500739,0.0255458,-0.053634,0.0499636
0.0388,0.00430716,-0.0451155,-0.0517875,0.0132552,-0.0466595,0.0716066
0.0571,-0.00435254,-0.0522031,-0.0509552,0.0000814,-0.0361883,0.0884143
0.0702,-0.0126981,-0.0569377,-0.0475132,-0.0128925,-0.0217285,0.0979185
0.0773,-0.0209501,-0.0594305,-0.0414486,-0.0247522,-0.00320181,0.0986246
-0.0783,-0.029138,-0.0600073,-0.03288,-0.0348292,0.0186729,0.0903493
-0.0734,-0.0369488,-0.058914,-0.0221381,-0.0427116,0.0421823,0.074258
-0.0636,-0.0437326,-0.0559889,-0.00982166,-0.0482036,0.0647497,0.0526027
-0.0501,-0.048693,-0.05048,0.00319498,-0.051254,0.0834158,0.028274
-0.0341,-0.05119,-0.0411659,0.0158183,-0.0518797,0.0954934,0.0042533
-0.0169,-0.051018,-0.0268168,0.0268593,-0.0501051,0.0991487,-0.0169744
-0.0000472,-0.048504,-0.0068699,0.03521,-0.0459341,0.0937672,-0.0339071
-0.0157,-0.044343,0.0179361,0.0400353,-0.0393659,0.0800685,-0.0462086
-0.0293,-0.0392034,0.0452693,0.040934,-0.0304596,0.0599656,-0.0544842
-0.04,-0.033283,0.071482,0.0380176,-0.0194324,0.0361745,-0.0597436
-0.0476,-0.0260693,0.0924245,0.0318861,-0.00675811,0.0116488,-0.0628184
-0.052,-0.0164762,0.104524,0.0235055,0.0067778,-0.0110292,-0.0639891
-0.0535,-0.00335722,0.105746,0.0140224,0.0200996,-0.0301321,-0.0629629
-0.0524,0.013793,0.0960975,0.00456198,0.0319552,-0.0449954,-0.0591836
-0.0492,0.0342602,0.0775097,-0.00393706,0.0411076,-0.0558826,-0.0522932
-0.0444,0.0559391,0.0531857,-0.0108162,0.0465601,-0.0635608,-0.0424888
-0.0382,0.0756912,0.0266938,-0.015707,0.0477566,-0.0687623,-0.0305667
-0.0308,0.0901295,0.00113896,-0.0184753,0.0446999,-0.0717606,-0.017625
-0.0223,0.0965458,-0.021334,-0.0191348,0.0379524,-0.0722333,-0.00458742
-0.0128,0.0936412,-0.0396262,-0.0177743,0.028518,-0.0694576,0.00817816
-0.00218,0.0818138,-0.053448,-0.0145266,0.0176391,-0.0627275,0.0209182
0.00926,0.0629378,-0.0629462,-0.00959155,0.00656604,-0.0517852,0.0341725
0.0212,0.0397618,-0.0683803,-0.00329407,-0.00363935,-0.0370646,0.0482214
0.033,0.0151694,-0.0699616,0.00385743,-0.0122184,-0.0196322,0.0625831
0.0439,-0.00843217,-0.0678653,0.0111538,-0.0187314,-0.000875615,0.0758556
0.0529,-0.0294246,-0.0623409,0.0177368,-0.0229931,0.0178735,0.0860199
0.0591,-0.0469766,-0.0538274,0.0227196,-0.024974,0.0355817,0.0910699
0.0619,-0.0608263,-0.0430084,0.0253457,-0.0247158,0.0515283,0.0896749
-0.0605,-0.0709911,-0.0307865,0.0251404,-0.0222993,0.0651402,0.0815791
-0.055,-0.0775285,-0.018194,0.0220074,-0.017872,0.0757945,0.0675909
-0.0455,-0.080414,-0.00627172,0.0162398,-0.0117149,0.0827503,0.0492195
-0.0325,-0.0795387,0.00405568,0.00844659,-0.00430966,0.0852772,0.0281819
-0.0169,-0.0747902,0.0120933,-0.000581137,0.00363815,0.0829252,0.00603268
-0.00036,-0.0661682,0.0174695,-0.0100174,0.0112442,0.0757781,-0.015947
-0.018,-0.0539033,0.0202029,-0.0191212,0.0175601,0.0645308,-0.0366536
-0.0348,-0.0385591,0.0207178,-0.0273026,0.021732,0.050317,-0.055043
-0.0496,-0.0210872,0.0197743,-0.03413,0.0231579,0.0343686,-0.0701492
-0.0614,-0.0028111,0.0183165,-0.0393002,0.0215964,0.0176936,-0.0812592
-0.0691,0.0146786,0.0172634,-0.0425993,0.0171963,0.000939142,-0.0881195
-0.0723,0.0297274,0.0172951,-0.0438777,0.010445,-0.0155084,-0.0909965
-0.0704,0.0408958,0.0186973,-0.0430444,0.00205901,-0.0312824,-0.0904665
-0.0636,0.0472525,0.0213174,-0.0400707,-0.0071463,-0.0458312,-0.0869735
-0.052,0.0485928,0.0246456,-0.0349925,-0.0163712,-0.0584054,-0.0803617
-0.0365,0.0455014,0.0279853,-0.0279072,-0.0249082,-0.068263,-0.0696776
-0.018,0.0392276,0.030643,-0.018974,-0.0321777,-0.074955,-0.0534455
0.00197,0.0314096,0.0320734,-0.00843359,-0.0377341,-0.0784879,-0.0303791
0.022,0.0237192,0.031954,0.00334652,-0.0412558,-0.0792464,-0.000307957
0.0405,0.0175004,0.0301911,0.0158119,-0.0425305,-0.0776644,0.0349767
0.056,0.0135354,0.0268664,0.0281795,-0.0414378,-0.0737622,0.0714635
0.0673,0.0120008,0.0221856,0.0394557,-0.037935,-0.0668097,0.103528
0.0736,0.0125727,0.0164692,0.048541,-0.0320479,-0.0553438,0.125289
-0.0743,0.0146115,0.0101688,0.0544147,-0.0238755,-0.0376745,0.132303
-0.0695,0.0173424,0.00386222,0.0563522,-0.0136166,-0.012799,0.122992
-0.0597,0.0199762,-0.00182944,0.0541027,-0.00162458,0.0186279,0.0992137
-0.0459,0.0217707,-0.00640436,0.0479537,0.0115239,0.0537511,0.065731
-0.0291,0.0220818,-0.00965618,0.0386484,0.024975,0.0877375,0.0287583
-0.0109,0.020448,-0.0117603,0.0271877,0.0376054,0.114797,-0.00586484
-0.00726,0.0167061,-0.0132028,0.0145958,0.0481287,0.129715,-0.0341682
-0.0241,0.0110847,-0.0145647,0.00174154,0.0553022,0.129393,-0.054692
-0.0385,0.00419875,-0.0162481,-0.0107242,0.0581923,0.11383,-0.0681256
-0.0495,-0.00309169,-0.0182913,-0.0223187,0.0564065,0.0860737,-0.076251
-0.0567,-0.00990859,-0.0203641,-0.032629,0.0502032,0.0512046,-0.080803
-0.0598,-0.0155776,-0.0219352,-0.0412424,0.0404258,0.014781,-0.0827397
-0.0591,-0.0197535,-0.0225122,-0.0477559,0.0282803,-0.0186319,-0.0821246
-0.0548,-0.0224068,-0.0218233,-0.0518513,0.0150369,-0.046327,-0.078498
-0.0476,-0.0236968,-0.0198445,-0.0533806,0.00176966,-0.0675002,-0.0714088
-0.0382,-0.0238117,-0.0166663,-0.0523945,-0.0107787,-0.0826341,-0.0607706
-0.0272,-0.0228627,-0.0122893,-0.0490823,-0.0221789,-0.0926321,-0.0468832
-0.0155,-0.0208786,-0.0064836,-0.0436513,-0.0321884,-0.0981364,-0.0302106
-0.0038,-0.0178805,0.00118491,-0.0362167,-0.0405997,-0.0992748,-0.0111626
0.00723,-0.0139734,0.0111376,-0.0267803,-0.047149,-0.0958185,0.00989741
0.017,-0.00938197,0.0234516,-0.0153386,-0.0515252,-0.087534,0.0323679
0.0252,-0.00439304,0.0375595,-0.00209269,-0.0534625,-0.0744628,0.0550251
0.0314,0.000771232,0.0521336,0.0123401,-0.0528467,-0.0569794,0.0758465
0.0357,0.00607624,0.0652343,0.0268348,-0.0497601,-0.0356855,0.0922623
0.038,0.011712,0.0746938,0.0398652,-0.0444356,-0.0113194,0.101816
-0.0384,0.0180039,0.0786145,0.0498033,-0.0371449,0.0151694,0.10297
-0.0373,0.0252195,0.0758249,0.0553146,-0.0280974,0.0423844,0.0956742
-0.0347,0.0333492,0.0661552,0.0557061,-0.017421,0.06826,0.0814032
-0.031,0.0419544,0.050463,0.0510983,-0.00525858,0.0901006,0.0626167
-0.0262,0.0501501,0.0304211,0.0423643,0.00805899,0.10503,0.0419
-0.0207,0.0567388,0.00814609,0.0308702,0.0218525,0.110774,0.0211836
-0.0145,0.0604522,-0.0142179,0.018125,0.0350448,0.106471,0.00139991
-0.00793,0.0602268,-0.0348518,0.00546744,0.0462786,0.093121,-0.0173067
-0.00146,0.0554342,-0.0524767,-0.00611646,0.0541838,0.0733953,-0.0349999
-0.00455,0.0460102,-0.0664069,-0.0160188,0.0577064,0.0508288,-0.0513751
-0.00969,0.0324646,-0.0764672,-0.0239182,0.0563807,0.0287018,-0.0655389
-0.0137,0.0157856,-0.0828244,-0.029648,0.0504444,0.00909463,-0.076267
-0.0165,-0.00272155,-0.0857894,-0.0330966,0.0407635,-0.00747967,-0.0825697
-0.0181,-0.0216173,-0.0856308,-0.0341751,0.0286046,-0.0217397,-0.0842028
-0.0191,-0.0394977,-0.0824215,-0.0328447,0.0153476,-0.0348118,-0.0817881
-0.0199,-0.0551363,-0.0759429,-0.0291671,0.00223741,-0.0473572,-0.0764248
-0.021,-0.067596,-0.0656798,-0.0233412,-0.00975882,-0.0590895,-0.0689751
-0.0226,-0.0763059,-0.0509547,-0.0157123,-0.0199787,-0.0688922,-0.0594214
-0.0249,-0.0810853,-0.0312306,-0.00676119,-0.0280139,-0.0754239,-0.0467035
-0.0273,-0.0820859,-0.0065497,0.00290686,-0.0336371,-0.0778358,-0.0292229
-0.0293,-0.0796324,0.0220144,0.0125691,-0.0367488,-0.07618,-0.00585447
-0.0299,-0.0739838,0.0520921,0.0214083,-0.0373502,-0.0712648,0.0229949
-0.0283,-0.065099,0.0801404,0.0285831,-0.0355277,-0.0640448,0.0548129
-0.0241,-0.0525348,0.102049,0.0333626,-0.0314292,-0.0549069,0.0852363
-0.017,-0.0355961,0.114126,0.0352945,-0.0252383,-0.0432953,0.109108
-0.00754,-0.0137678,0.114171,0.0343395,-0.0171724,-0.0279438,0.121949
0.00338,0.0126798,0.102217,0.0308909,-0.00753354,-0.00766466,0.121286
0.0146,0.0421534,0.0806428,0.025639,0.00319162,0.0176588,0.107333
0.0249,0.071561,0.0535155,0.0193143,0.014229,0.0463605,0.0828125
0.0333,0.0967164,0.0253872,0.0124277,0.0244973,0.074967,0.0520104
0.039,0.113302,0.00000748,0.00514834,0.0327405,0.0989459,0.0195032
0.0419,0.118097,-0.0205395,-0.00260039,0.0378101,0.113951,-0.0109605
-0.042,0.110025,-0.0359726,-0.0108712,0.0390062,0.117088,-0.0370694
-0.0396,0.0905801,-0.0472479,-0.0194037,0.0363237,0.107715,-0.0579638
-0.0351,0.0634396,-0.0556231,-0.027504,0.0304653,0.0875105,-0.0738111
-0.0288,0.0333641,-0.0618258,-0.0342002,0.0225889,0.0598463,-0.0852284
-0.0209,0.00481548,-0.0657084,-0.0386161,0.0138902,0.0287625,-0.0928122
-0.0117,-0.0191802,-0.0664934,-0.0403559,0.00522397,-0.00203901,-0.0969042
-0.0016,-0.0375123,-0.0634007,-0.0396566,-0.00304974,-0.0298566,-0.09758
-0.00882,-0.050699,-0.0562693,-0.0371733,-0.010927,-0.0531821,-0.0947553
-0.0187,-0.0600568,-0.0458177,-0.0334742,-0.0184284,-0.0715091,-0.0882998
-0.0269,-0.0667598,-0.0334008,-0.0285155,-0.0252886,-0.084959,-0.07811
-0.0325,-0.0712206,-0.0204121,-0.0214263,-0.030871,-0.0939288,-0.0641613
-0.0345,-0.073017,-0.0076762,-0.0107959,-0.0343687,-0.0988678,-0.0465942
-0.0326,-0.0712908,0.004828,0.00460187,-0.0351719,-0.10018,-0.0258653
-0.0273,-0.0653384,0.0177593,0.0249547,-0.0331742,-0.0981821,-0.00292769
-0.0196,-0.0550624,0.0318261,0.0488328,-0.0288209,-0.0930467,0.0206594
-0.0109,-0.0410837,0.0471204,0.0731864,-0.0228514,-0.084733,0.0428023
-0.00304,-0.0245213,0.0627107,0.0939813,-0.0158672,-0.0729581,0.0611838
0.00272,-0.00661285,0.0766965,0.107264,-0.00796521,-0.0573067,0.0737522
0.00555,0.0115943,0.0867126,0.110267,0.00133403,-0.0375252,0.0792274
-0.00548,0.0293206,0.0906593,0.102137,0.0127784,-0.0139239,0.0774288
-0.00332,0.0459045,0.0873384,0.0840573,0.0268216,0.0122852,0.0693107
-0.000408,0.0605731,0.0767459,0.0587828,0.0430782,0.0388962,0.0566943
-0.0018,0.072323,0.0599568,0.0298168,0.0600768,0.0629748,0.0417894
-0.00215,0.0800239,0.0387226,0.00055534,0.0754529,0.0814528,0.0266648
-0.000137,0.0827151,0.0150042,-0.0263386,0.0865235,0.0918818,0.0128384
0.00393,0.0799438,-0.00936671,-0.0492044,0.0910194,0.0930921,0.00110713
0.00907,0.0719571,-0.0328253,-0.0673203,0.0876962,0.0855213,-0.00836366
0.0139,0.0596373,-0.0540722,-0.0806339,0.0766172,0.0710876,-0.0157675
0.017,0.0442114,-0.0720592,-0.0894313,0.0590476,0.0526346,-0.0213484
-0.0175,0.0268896,-0.0860437,-0.0940591,0.0370504,0.0331398,-0.0252102
-0.0151,0.00862491,-0.0956908,-0.0947454,0.0129684,0.0149706,-0.0273237
-0.0104,-0.00989601,-0.101106,-0.0915225,-0.0110247,-0.000546573,-0.0276928
-0.0043,-0.0280652,-0.102679,-0.0842377,-0.0332016,-0.013119,-0.026542
-0.00175,-0.0451316,-0.100727,-0.072648,-0.0523753,-0.0231163,-0.024386
-0.00661,-0.0601381,-0.0950757,-0.0565953,-0.0678681,-0.0310565,-0.0219254
-0.00956,-0.0721065,-0.0848337,-0.0362467,-0.0794165,-0.0372058,-0.0198228
-0.0105,-0.0803856,-0.068588,-0.0123428,-0.0870535,-0.0414538,-0.0184814
-0.00981,-0.0849358,-0.0450682,0.0136299,-0.0909699,-0.0434671,-0.0179373
-0.00832,-0.0863241,-0.0140807,0.0394425,-0.0913536,-0.0429865,-0.0179074
-0.00681,-0.0853417,0.0226813,0.0623689,-0.0882205,-0.0400828,-0.0179532
-0.0058,-0.082383,0.0613715,0.0796672,-0.0812944,-0.0352367,-0.0176636
-0.00542,-0.076911,0.0965179,0.0891906,-0.070018,-0.0292222,-0.0167689
-0.00534,-0.0673587,0.12227,0.0899501,-0.0537586,-0.0228751,-0.0151481
-0.00498,-0.0516519,0.133971,0.0824265,-0.032202,-0.0168752,-0.0127571
-0.00377,-0.0282327,0.129502,0.0684983,-0.00582702,-0.0116341,-0.0095432
-0.0014,0.00281742,0.109902,0.0509761,0.0237274,-0.00731008,-0.00540888
0.002,0.0390659,0.0790407,0.0328814,0.0536039,-0.00390178,-0.000252494
0.00589,0.0758187,0.0424818,0.0167059,0.0800966,-0.00134408,0.00593003
0.00942,0.107089,0.00594349,0.00389879,0.099415,0.000450625,0.0129337
0.0117,0.12716,-0.0260964,-0.00526221,0.108632,0.00161396,0.020281
-0.0122,0.132188,-0.0512082,-0.0114168,0.106499,0.00236957,0.0272429
-0.0106,0.121279,-0.0690442,-0.0156315,0.0938157,0.00305533,0.0329482
-0.00746,0.096643,-0.0807203,-0.0188932,0.0732248,0.0040861,0.0365497
-0.00351,0.062846,-0.0878857,-0.0217801,0.0484718,0.00585887,0.0374013
-0.000233,0.0254394,-0.0918829,-0.0243968,0.0234157,0.00863281,0.0351979
-0.0029,-0.0105012,-0.0932985,-0.0265373,0.0011255,0.0124276,0.030042
-0.00397,-0.0414497,-0.0919967,-0.0279435,-0.0166461,0.0169756,0.0224226
-0.00345,-0.0658191,-0.0875069,-0.0285132,-0.0294918,0.0217421,0.0131144
-0.00186,-0.0836648,-0.0794985,-0.028362,-0.0379672,0.0260082,0.00302447
0.00000298,-0.0959485,-0.068086,-0.0277358,-0.0430252,0.0289953,-0.00697148
0.00125,-0.103735,-0.0538333,-0.0268453,-0.045524,0.0300041,-0.0161636
-0.00121,-0.107644,-0.0375131,-0.0257183,-0.0459797,0.0285422,-0.024083
-0.000326,-0.107712,-0.0198073,-0.0241394,-0.044588,0.0244179,-0.030505
-0.00313,-0.103607,-0.0011563,-0.0216941,-0.0414172,0.0177871,-0.0353884
-0.00652,-0.0949942,0.0181419,-0.0178894,-0.0366228,0.00914556,-0.0387712
-0.00964,-0.081832,0.03764,-0.0123035,-0.0305686,-0.000736749,-0.0406562
-0.0116,-0.0644793,0.0564465,-0.0047204,-0.0238115,-0.0109325,-0.0409269
-0.0119,-0.0436231,0.0731323,0.00477476,-0.0169843,-0.0205055,-0.0393276
-0.0103,-0.0201552,0.0859415,0.0157489,-0.0106465,-0.0286586,-0.0355279
-0.00704,0.0048741,0.0932419,0.0274263,-0.00516559,-0.0348444,-0.0292582
-0.00263,0.0301845,0.0940153,0.0387508,-0.000661076,-0.0388094,-0.0204782
0.00216,0.0541573,0.0881603,0.0485099,0.00299476,-0.0405609,-0.00951958
0.00658,0.0748414,0.0764777,0.0555197,0.00613641,-0.040268,0.00285175
0.01,0.0901889,0.0603671,0.0588426,0.00923907,-0.0381374,0.0154853
0.0122,0.0985086,0.0413982,0.0579892,0.0128266,-0.0343143,0.0270049
-0.0128,0.0989731,0.0209608,0.0530441,0.0173501,-0.0288513,0.0360398
-0.012,0.0919436,0.00012579,0.0446647,0.0230467,-0.0217585,0.0414709
-0.0101,0.0789273,-0.0202833,0.0339437,0.0298086,-0.013115,0.0426321
-0.00728,0.0621455,-0.0395179,0.0221664,0.037112,-0.00319585,0.039421
-0.00396,0.0438761,-0.0567794,0.0105402,0.0440482,0.0074408,0.0322976
-0.000474,0.0258439,-0.0712351,-0.0000179,0.0494786,0.0179517,0.0221796
-0.00282,0.00890709,-0.0821671,-0.00897016,0.0522867,0.0273072,0.0102708
-0.0056,-0.006863,-0.0891589,-0.0161071,0.0516614,0.0344698,-0.00213258
-0.00761,-0.0217973,-0.0921994,-0.0214044,0.0473208,0.0386001,-0.0138109
-0.00868,-0.0361593,-0.091627,-0.0248709,0.0395966,0.039227,-0.0237421
-0.00879,-0.0498209,-0.0879234,-0.0264694,0.0293474,0.0363317,-0.0311654
-0.00802,-0.0622133,-0.0814478,-0.0261499,0.0177299,0.030325,-0.035602
-0.00662,-0.0725298,-0.0722358,-0.0239682,0.00591179,0.0219351,-0.03685
-0.00487,-0.0800417,-0.0599724,-0.0202141,-0.00516788,0.0120475,-0.0349727
-0.00307,-0.0843503,-0.0441783,-0.0154607,-0.0149125,0.00154913,-0.0302887
-0.00143,-0.085455,-0.0245697,-0.0104884,-0.023033,-0.00878041,-0.023361
-0.0000546,-0.0836193,-0.00147126,-0.00609695,-0.0294107,-0.0183099,-0.0149715
0.00107,-0.0791138,0.0238755,-0.00288673,-0.0339444,-0.026537,-0.00606569
0.00201,-0.0719686,0.0492577,-0.0011073,-0.0364701,-0.0330363,0.00234194
0.00286,-0.0618615,0.0717714,-0.000642447,-0.036794,-0.0374137,0.00929849
0.00363,-0.0482174,0.0884007,-0.00113151,-0.0348152,-0.0392985,0.0140573
0.00422,-0.0305167,0.0967437,-0.00215716,-0.0306632,-0.0383887,0.0162054
0.00448,-0.00872385,0.0956515,-0.00339863,-0.024768,-0.0345401,0.0157401
-0.00425,0.0163156,0.0855525,-0.00467241,-0.0178151,-0.0278702,0.0130725
-0.00348,0.0426817,0.0683371,-0.0058486,-0.0105999,-0.0188351,0.00894968
-0.00229,0.0675202,0.0468351,-0.00670339,-0.00384528,-0.00824519,0.00431227
-0.00101,0.0875411,0.0240744,-0.00680902,0.00193554,0.00280009,0.000113561
-0.000132,0.0997627,0.00258383,-0.00554887,0.00648056,0.0130541,-0.00286024
0.000134,0.102274,-0.0160326,-0.00228414,0.00972511,0.0213156,-0.00413281
0.00133,0.094753,-0.0311495,0.00338017,0.0117033,0.0266314,-0.00361472
0.00371,0.0785608,-0.0428572,0.0113381,0.0124718,0.0284627,-0.00160138
0.00684,0.0563635,-0.0515508,0.0208496,0.0121016,0.0267797,0.00130422
0.0099,0.0314323,-0.0575633,0.0306024,0.0107369,0.0220602,0.00432448
0.0119,0.00686242,-0.0609773,0.0389624,0.0086761,0.015196,0.00666699
-0.0118,-0.0150303,-0.0616434,0.0443341,0.00641055,0.00732519,0.00767704
-0.00924,-0.0329722,-0.0593396,0.0455116,0.00457563,-0.000369352,0.00695369
-0.00405,-0.0466432,-0.0539644,0.0419143,0.00381052,-0.00685321,0.00441185
-0.00302,-0.0563549,-0.045677,0.0336545,0.00457334,-0.0113887,0.000287407
-0.0108,-0.0626673,-0.0349491,0.0214508,0.00698247,-0.0136178,-0.0049067
-0.0176,-0.0660881,-0.0225401,0.0064474,0.0107469,-0.0135755,-0.0104611
-0.0223,-0.066923,-0.00942255,-0.00999134,0.0152116,-0.0116382,-0.0155741
-0.0238,-0.0652697,0.00331704,-0.0264615,0.0194978,-0.008427,-0.0194644
-0.0219,-0.0610985,0.0145938,-0.0416617,0.0226839,-0.00469163,-0.021483
-0.0172,-0.0543635,0.0234538,-0.0545071,0.0239668,-0.00119454,-0.0212135
-0.011,-0.0451105,0.029206,-0.0642243,0.022769,0.00139525,-0.0185473
-0.00478,-0.0335682,0.0315349,-0.0704065,0.0187893,0.00259681,-0.0137125
0.000161,-0.0202181,0.0305614,-0.0729858,0.0120243,0.00219199,-0.00724373
0.00298,-0.00583079,0.0268271,-0.072089,0.00278842,0.000261085,0.0000967
-0.00359,0.00855465,0.0211925,-0.0678015,-0.00827114,-0.0028337,0.00742398
-0.00265,0.021727,0.0146724,-0.0599462,-0.020201,-0.00650875,0.0138397
-0.0013,0.0324723,0.00825043,-0.0480288,-0.0318542,-0.0100474,0.0185453
0.000833,0.0397843,0.00272051,-0.03146,-0.042099,-0.0127071,0.0209551
0.0022,0.0430609,-0.00140835,-0.0100398,-0.0500644,-0.013839,0.0207927
0.00573,0.0422286,-0.0039305,0.0154739,-0.0553092,-0.0130064,0.0181402
0.011,0.0377556,-0.0048977,0.0429952,-0.0578037,-0.0100828,0.0134215
0.0169,0.0305482,-0.00453873,0.069192,-0.0576953,-0.0053024,0.0073191
0.0219,0.0217591,-0.00317982,0.0901095,-0.0549563,0.000760623,0.000651711
0.0247,0.0125622,-0.00119107,0.102176,-0.049111,0.00728492,-0.00575019
-0.0243,0.0039558,0.00103539,0.103233,-0.0392492,0.0133388,-0.0111491
-0.0207,-0.0033557,0.00308992,0.0931741,-0.0244139,0.0180235,-0.0149877
-0.0145,-0.00898452,0.00455652,0.0739435,-0.00425552,0.0206019,-0.0169623
-0.00681,-0.0128012,0.00504978,0.0488975,0.0203279,0.0206038,-0.0170675
-0.000685,-0.0148388,0.00428162,0.0218022,0.0469,0.0179003,-0.0155898
-0.00666,-0.0152103,0.00214082,-0.00412817,0.0717659,0.0127355,-0.0130383
-0.0103,-0.0140757,-0.00124664,-0.026813,0.0908005,0.00570447,-0.0100269
-0.0114,-0.0116632,-0.00550905,-0.0453716,0.10055,-0.00232855,-0.0071417
-0.0107,-0.00831596,-0.0100872,-0.0597816,0.0991929,-0.0103575,-0.00483046
-0.00919,-0.00452209,-0.0143483,-0.0703852,0.0869988,-0.0173835,-0.00333091
-0.00804,-0.000888378,-0.0177208,-0.077501,0.0661437,-0.022556,-0.00264304
-0.00816,0.00195112,-0.0198055,-0.0812734,0.0399874,-0.0252866,-0.00254111
-0.00992,0.00346818,-0.0204255,-0.081727,0.012131,-0.0253222,-0.00262547
-0.013,0.00336676,-0.0196067,-0.0788861,-0.01439,-0.0227733,-0.00241416
-0.0166,0.00165516,-0.0175079,-0.0728214,-0.0375385,-0.0180903,-0.00146204
-0.0194,-0.00136107,-0.0143361,-0.0635864,-0.0562961,-0.0119858,0.000521154
-0.0205,-0.00515815,-0.010285,-0.0511145,-0.070404,-0.00531271,0.00358699
-0.019,-0.00911245,-0.00551545,-0.0352064,-0.0800187,0.00107885,0.00752052
-0.0149,-0.0126169,-0.000178713,-0.0157008,-0.0854378,0.00647606,0.0118715
-0.00859,-0.0151647,0.00553722,0.00718054,-0.0869498,0.0104024,0.0160322
-0.00106,-0.0163901,0.0113633,0.0324419,-0.0847768,0.0126689,0.0193421
0.00649,-0.0160783,0.0169293,0.0580751,-0.0790507,0.0133759,0.0212035
0.0129,-0.0141597,0.0217777,0.0811548,-0.0697876,0.0128688,0.0211936
0.0174,-0.0107043,0.0254129,0.0983338,-0.056884,0.0116479,0.0191511
0.0197,-0.00591818,0.0273772,0.106636,-0.0401953,0.0102525,0.0152133
-0.0198,-0.000139477,0.0273337,0.104294,-0.0197373,0.00914287,0.00979279
-0.0181,0.00617503,0.0251373,0.0913211,0.00401341,0.0086069,0.00350314
-0.0154,0.0124782,0.0208722,0.0695885,0.0298271,0.00871,-0.00294611
-0.0121,0.0181776,0.0148475,0.0423354,0.0555862,0.00929544,-0.00886096
-0.00863,0.022694,0.0075487,0.0132832,0.078439,0.0100307,-0.0136607
-0.00526,0.0255273,-0.000439418,-0.0143246,0.09528,0.0104862,-0.0169491
-0.00205,0.0263217,-0.0085196,-0.0383958,0.103462,0.0102298,-0.0185526
-0.00092,0.0249205,-0.016153,-0.0581455,0.101522,0.00891646,-0.0185263
-0.00352,0.0213973,-0.0228973,-0.073748,0.0896581,0.00636024,-0.0171297
-0.00547,0.0160572,-0.0284045,-0.085721,0.0697339,0.00257501,-0.0147794
-0.0064,0.00939868,-0.0323895,-0.0943784,0.0447853,-0.00221827,-0.0119842
-0.00599,0.00204204,-0.0345888,-0.0996039,0.0181824,-0.00761683,-0.00926898
-0.0041,-0.00536487,-0.0347371,-0.100986,-0.00723387,-0.0130873,-0.00709579
-0.000932,-0.0122419,-0.0325815,-0.0981411,-0.0297086,-0.018035,-0.00578837
0.00293,-0.0181496,-0.0279426,-0.0909615,-0.0486381,-0.0218814,-0.00546958
0.00654,-0.0228206,-0.0208099,-0.0796184,-0.064187,-0.0241421,-0.00602027
0.00881,-0.0261425,-0.0114435,-0.0643465,-0.0767134,-0.0244984,-0.00707226
-0.00877,-0.0280999,-0.000444598,-0.0452251,-0.0863184,-0.0228539,-0.00804925
-0.00586,-0.0286996,0.0112427,-0.0222023,-0.0927306,-0.0193668,-0.00826325
-0.000155,-0.0279068,0.0224156,0.00453593,-0.0955101,-0.0144461,-0.00705825
-0.00756,-0.02562,0.0317784,0.0339987,-0.0943613,-0.00870233,-0.00397324
-0.0159,-0.0216972,0.0381597,0.0639598,-0.0892946,-0.00285082,0.00111671
-0.023,-0.0160346,0.0407304,0.0910062,-0.0805009,0.00241859,0.00792556
-0.0272,-0.00867487,0.0391651,0.111201,-0.0680331,0.00657773,0.0157749
-0.0273,0.0000923,0.0337057,0.121177,-0.0515616,0.00936361,0.0237006
-0.0228,0.00967861,0.0251106,0.119227,-0.0304763,0.010818,0.0306167
-0.0142,0.0192231,0.0145083,0.105917,-0.00441364,0.0112507,0.0354937
-0.00278,0.0277008,0.00319418,0.0839336,0.0259873,0.011143,0.03751
0.00936,0.0340881,-0.00758002,0.0572285,0.0584965,0.0110364,0.036169
0.02,0.0375485,-0.0167829,0.0297953,0.0892692,0.0114266,0.0314016
0.0273,0.0375951,-0.0237102,0.00458719,0.113573,0.0126562,0.0236245
0.03,0.0341796,-0.0280054,-0.0170125,0.127074,0.0148128,0.0136948
-0.0279,0.0276884,-0.0296138,-0.0350446,0.127181,0.0176637,0.00275163
-0.0216,0.018857,-0.0287042,-0.050333,0.113899,0.020675,-0.00799979
-0.0127,0.00863504,-0.0255859,-0.0637064,0.0898426,0.0231204,-0.0174921
-0.00311,-0.00195905,-0.0206447,-0.075442,0.059403,0.0242453,-0.0249339
-0.00532,-0.0119657,-0.0143095,-0.0851412,0.0274196,0.0234362,-0.0298631
-0.0111,-0.0205739,-0.00704823,-0.092019,-0.00213255,0.020358,-0.0321297
-0.0137,-0.0271662,0.000622786,-0.0953958,-0.0269672,0.0150233,-0.0318406
-0.013,-0.0313227,0.00813853,-0.0950979,-0.0465924,0.0077832,-0.0292973
-0.0101,-0.0328032,0.0149101,-0.0915384,-0.0617829,-0.0007433,-0.024945
-0.00612,-0.0315286,0.020378,-0.085429,-0.0737373,-0.00977091,-0.0193297
-0.0025,-0.027579,0.0240839,-0.0772665,-0.083316,-0.0184513,-0.0130491
-0.000312,-0.0212092,0.0257426,-0.0668709,-0.090655,-0.0259646,-0.00668985
-0.000135,-0.0128722,0.025294,-0.0532645,-0.0952512,-0.0316016,-0.000761963
-0.00191,-0.00322915,0.0229176,-0.0350452,-0.0963941,-0.0348341,0.0043457
-0.00502,0.00687088,0.0190008,-0.011178,-0.0936777,-0.0353635,0.00838327
-0.00849,0.0164572,0.0140659,0.0181029,-0.0873092,-0.0331398,0.0112424
-0.0112,0.0245468,0.0086734,0.0507024,-0.0780445,-0.0283551,0.0129544
-0.0124,0.0302823,0.00332751,0.0827275,-0.0667787,-0.0214217,0.0136832
-0.0113,0.0330668,-0.0015925,0.109289,-0.0540134,-0.0129401,0.0137028
-0.008,0.0326666,-0.00585941,0.125802,-0.039513,-0.00365708,0.0133506
-0.00278,0.0292533,-0.00938166,0.129319,-0.0223924,0.00559134,0.0129568
0.00368,0.0233742,-0.0121541,0.119372,-0.00167288,0.013958,0.0127657
0.0106,0.015854,-0.0141959,0.0980342,0.0229063,0.0206852,0.0128708
0.017,0.00764928,-0.0154982,0.0691953,0.0502005,0.0252155,0.0131918
0.0223,-0.000313151,-0.0160012,0.0373711,0.0774718,0.0272867,0.0135062
0.026,-0.00727507,-0.0156081,0.00653982,0.100877,0.0269757,0.0135237
0.0276,-0.0127365,-0.0142303,-0.0206,0.116496,0.0246765,0.0129734
-0.027,-0.0164819,-0.0118479,-0.0427811,0.121503,0.0210121,0.0116773
-0.0241,-0.0185465,-0.00856329,-0.0598397,0.115009,0.016706,0.00959133
-0.019,-0.0191379,-0.00462576,-0.0721841,0.0982404,0.0124439,0.00681127
-0.012,-0.0185397,-0.000414427,-0.0803337,0.0740417,0.00875697,0.00354825
-0.00328,-0.0170251,0.0036226,-0.0846821,0.0459437,0.00595098,0.0000863
-0.00638,-0.0148007,0.00705806,-0.0854704,0.0172233,0.00409342,-0.00326201
-0.0162,-0.0119928,0.0095811,-0.0828679,-0.00971032,0.00305301,-0.00619083
-0.0253,-0.00867217,0.0110711,-0.0770463,-0.033465,0.00257495,-0.00842531
-0.0326,-0.00490374,0.0116251,-0.0682068,-0.0534448,0.00236516,-0.00973783
-0.0372,-0.000798273,0.0115296,-0.0565847,-0.0694882,0.00215948,-0.00996293
-0.0385,0.00345677,0.0111845,-0.0424841,-0.0815804,0.00176495,-0.00901725
-0.0363,0.00759938,0.0109999,-0.026365,-0.0897308,0.00107142,-0.00692746
-0.0308,0.0113286,0.0112951,-0.00894838,-0.0939809,0.0000429,-0.00386231
-0.0227,0.0143622,0.0122221,0.0087276,-0.0944354,-0.00129438,-0.000152985
-0.013,0.0164967,0.0137328,0.0253645,-0.0912379,-0.00285237,0.00372276
-0.00287,0.0176517,0.0155918,0.0395861,-0.0844915,-0.00446934,0.0072101
0.00658,0.0178848,0.0174281,0.0502015,-0.0741957,-0.00590544,0.00979107
0.0143,0.0173738,0.0188089,0.0564617,-0.0602872,-0.00686822,0.0111063
0.0198,0.0163684,0.0193198,0.0582199,-0.0428154,-0.00707312,0.0110377
0.0228,0.0151266,0.0186309,0.0559417,-0.0221982,-0.00631864,0.00972451
-0.0233,0.0138551,0.0165393,0.0505679,0.000559591,-0.00454864,0.00751853
-0.0218,0.0126724,0.0129891,0.0432742,0.023805,-0.00188187,0.00490131
-0.0189,0.0116009,0.00807426,0.0351988,0.0453951,0.00140013,0.00239024
-0.0153,0.010586,0.0020327,0.0272118,0.0630563,0.0049035,0.000455276
-0.0115,0.00953134,-0.00476471,0.0197881,0.0748505,0.00819616,-0.000543446
-0.00807,0.0083344,-0.0118303,0.0130099,0.0796112,0.0108851,-0.00039636
-0.00531,0.00691299,-0.0185843,0.00668814,0.0772185,0.0126778,0.000932753
-0.00347,0.00521481,-0.0243941,0.000548985,0.0686259,0.0134173,0.00329765
-0.00263,0.00321264,-0.0286313,-0.00558531,0.055626,0.0130887,0.00637358
0.00275,0.000892962,-0.0307446,-0.0116892,0.0404194,0.0118061,0.00967958
0.00366,-0.00175181,-0.03034,-0.0175319,0.0251158,0.00978745,0.0126265
0.0051,-0.00471895,-0.0272564,-0.0227666,0.0113141,0.00732399,0.0145941
0.00667,-0.0079758,-0.0216187,-0.0270602,-0.000119122,0.00474607,0.0150299
0.00793,-0.011429,-0.0138562,-0.0301996,-0.00903024,0.00238607,0.0135549
-0.00838,-0.0148926,-0.00467448,-0.0321317,-0.0157605,0.00053845,0.0100532
-0.00759,-0.018068,0.00501962,-0.0329281,-0.0208428,-0.000580322,0.00472298
-0.00524,-0.0205499,0.0142335,-0.0326999,-0.0247384,-0.00086527,-0.00192207
-0.00125,-0.0218638,0.0220278,-0.0315058,-0.0277,-0.000341696,-0.00910227
-0.00423,-0.0215362,0.0276565,-0.029288,-0.0297752,0.000835864,-0.0158615
-0.0107,-0.0191877,0.0306815,-0.0258599,-0.0309014,0.00240379,-0.0211817
-0.0175,-0.0146328,0.0310398,-0.0209497,-0.0310184,0.00402417,-0.02411
-0.0238,-0.00796229,0.0290447,-0.0142949,-0.0301407,0.00532985,-0.0238853
-0.0287,0.000413691,0.0253197,-0.00577061,-0.0283687,0.00597652,-0.0200578
-0.0313,0.0097813,0.0206773,0.00447658,-0.0258562,0.00569969,-0.0125893
-0.0312,0.0192011,0.0159674,0.0159284,-0.0227617,0.00437392,-0.00192158
-0.0281,0.0276397,0.011927,0.027671,-0.0192084,0.00206852,0.0110082
-0.0225,0.0341306,0.00905971,0.0384764,-0.0152582,-0.000911629,0.0248282
-0.0147,0.0379324,0.00756575,0.0469924,-0.0108996,-0.00401778,0.0378829
-0.00574,0.038653,0.0073326,0.0520012,-0.00604858,-0.00649935,0.0484674
0.00338,0.0363123,0.007981,0.052682,-0.000572849,-0.0075088,0.0551079
0.0117,0.0313347,0.00895447,0.0487981,0.00564766,-0.00627044,0.0568323
0.0183,0.024468,0.00963523,0.0407496,0.0126242,-0.00228879,0.053354
0.0227,0.0166478,0.00946271,0.0294759,0.0201524,0.00446349,0.045112
0.0247,0.00884078,0.00803329,0.0162456,0.0277441,0.0134463,0.0331625
-0.0246,0.00189994,0.00516988,0.00240728,0.0346433,0.0235852,0.0189637
-0.0227,-0.00354297,0.000956296,-0.0108234,0.039942,0.0334405,0.00411239
-0.0196,-0.00713771,-0.0042661,-0.0224926,0.0427706,0.0414734,-0.00990345
-0.0161,-0.00882849,-0.00993963,-0.03194,0.0425031,0.0463405,-0.0218911
-0.0127,-0.00882708,-0.0153659,-0.0387576,0.0389108,0.0471406,-0.0310551
-0.00953,-0.00755598,-0.0198066,-0.0427156,0.0322166,0.0435571,-0.0370192
-0.00682,-0.00557113,-0.0225937,-0.0436993,0.0230406,0.0358717,-0.0397867
-0.0044,-0.00347323,-0.023233,-0.0416832,0.0122627,0.0248651,-0.0396644
-0.00203,-0.00181695,-0.0214805,-0.0367524,0.000849967,0.0116469,-0.0371702
-0.000546,-0.00102766,-0.0173833,-0.0291568,-0.0102983,-0.00253218,-0.0329359
-0.00347,-0.00133576,-0.0112759,-0.0193732,-0.0204537,-0.016441,-0.0276119
-0.00669,-0.00273792,-0.00373698,-0.00814204,-0.0290921,-0.0289774,-0.0217766
-0.00997,-0.00499251,0.00448492,0.00355023,-0.035867,-0.0392279,-0.0158569
-0.0129,-0.00765208,0.0125659,0.0145568,-0.0405446,-0.0464926,-0.0100754
-0.0149,-0.0101304,0.0197066,0.0237189,-0.0429339,-0.0502996,-0.00443939
-0.0157,-0.0117951,0.0252261,0.0300496,-0.0428457,-0.0504223,0.00121542
-0.0148,-0.0120729,0.0286412,0.0329103,-0.0401011,-0.0468995,0.00712925
-0.0123,-0.0105509,0.0297218,0.032133,-0.0345962,-0.0400458,0.0134939
-0.00846,-0.0070588,0.0285166,0.0280553,-0.0264046,-0.0304391,0.0203341
-0.00369,-0.00171914,0.025343,0.0214543,-0.0158844,-0.0188756,0.0274304
0.00136,0.00504481,0.0207393,0.013393,-0.00374556,-0.00629465,0.0343049
0.006,0.0125483,0.0153812,0.00501833,0.00895873,0.00631768,0.0402779
0.00962,0.0199306,0.00997506,-0.00263953,0.0209345,0.0180302,0.0445826
0.0118,0.0262772,0.0051458,-0.00881694,0.0308335,0.0280579,0.0465108
-0.0122,0.0307584,0.00134241,-0.0130849,0.037485,0.0358309,0.045555
-0.011,0.0327612,-0.00122089,-0.015331,0.040117,0.0410392,0.0415154
-0.00815,0.0319905,-0.0025759,-0.0156781,0.0385093,0.0436473,0.0345562
-0.00413,0.0285203,-0.00296279,-0.0143795,0.0330374,0.0438756,0.0252051
-0.000636,0.0227843,-0.00275225,-0.0117306,0.0245948,0.0421445,0.0143001
-0.00563,0.0155092,-0.00234432,-0.0080254,0.0144134,0.0389826,0.00289199
-0.0103,0.00760101,-0.00206529,-0.00356124,0.00383001,0.0349153,-0.0078871
-0.014,0.00000637,-0.00208526,0.00132725,-0.00593836,0.0303598,-0.0169717
-0.0164,-0.00642678,-0.00237485,0.00623692,-0.0139587,0.0255551,-0.0235055
-0.017,-0.0110658,-0.00271191,0.010697,-0.0196541,0.020551,-0.0269519
-0.0157,-0.0135699,-0.00273841,0.0142146,-0.022787,0.0152565,-0.0271557
-0.0125,-0.0139157,-0.00205687,0.0163564,-0.0233858,0.00953479,-0.0243476
-0.00766,-0.0123718,-0.000345452,0.016838,-0.0216567,0.00331351,-0.0190978
-0.00183,-0.00942728,0.00253534,0.0155892,-0.0179192,-0.00332558,-0.0122303
0.00428,-0.00568851,0.00647122,0.0127708,-0.0125826,-0.0101047,-0.0047154
0.00988,-0.00176172,0.0110794,0.00873557,-0.00615359,-0.01657,0.00244296
0.0143,0.00185487,0.0157602,0.00394964,0.000752987,-0.0221654,0.00831084
0.0171,0.0048464,0.0198073,-0.00109809,0.00742985,-0.0263332,0.0121143
0.0182,0.00710817,0.0225482,-0.00596873,0.0131388,-0.0286077,0.0133205
-0.0177,0.00872078,0.0234793,-0.0103094,0.0172126,-0.0286795,0.0117183
-0.0161,0.00988352,0.0223613,-0.0138506,0.0191713,-0.026432,0.00749398
-0.014,0.0108263,0.0192543,-0.0163788,0.0188172,-0.0219593,0.00128002
-0.0118,0.011726,0.0144885,-0.0177063,0.0162766,-0.0155769,-0.0058595
-0.00976,0.0126502,0.00858885,-0.0176588,0.0119746,-0.00782734,-0.0125368
-0.00781,0.0135417,0.00217918,-0.0160927,0.00654803,0.000530829,-0.0172493
-0.00563,0.0142415,-0.00410731,-0.0129417,0.000721612,0.00857213,-0.0186603
-0.00275,0.0145378,-0.00969487,-0.00827988,-0.0048201,0.0153059,-0.0158935
-0.00125,0.0142199,-0.0141077,-0.00237868,-0.00953411,0.0198308,-0.0087675
-0.0065,0.0131224,-0.0169959,0.00426484,-0.0130726,0.0215173,0.00209052
-0.0128,0.0111504,-0.018157,0.0109486,-0.0152836,0.0201751,0.0152901
-0.0193,0.00828949,-0.017557,0.016843,-0.016168,0.016155,0.028888
-0.0251,0.00460684,-0.0153495,0.0211166,-0.0158146,0.0103418,0.04073
-0.0288,0.000252684,-0.0118795,0.0230863,-0.0143402,0.00402166,0.0488501
-0.0294,-0.00453578,-0.00765905,0.0223556,-0.0118556,-0.00135734,0.0518368
-0.0263,-0.00943178,-0.00330526,0.0189042,-0.00846814,-0.00448296,0.0490827
-0.0194,-0.0140267,0.000555035,0.0131038,-0.00431732,-0.00446548,0.0408663
-0.00945,-0.0178566,0.00339728,0.00565396,0.00037811,-0.00104214,0.0282589
0.00218,-0.0204513,0.00490323,-0.00254282,0.00528426,0.00535351,0.012898
0.0138,-0.0214021,0.00503544,-0.0105352,0.00994981,0.0136705,-0.00329511
0.0236,-0.0204438,0.00406333,-0.0174657,0.0138482,0.0224508,-0.0183935
0.03,-0.017526,0.00252233,-0.0226688,0.0164613,0.0301199,-0.0306953
0.0323,-0.0128566,0.00111254,-0.0257042,0.0173826,0.0352625,-0.0388867
-0.0303,-0.00690231,0.00055702,-0.0263372,0.01641,0.0368339,-0.042154
-0.0244,-0.000339214,0.00144588,-0.0244939,0.013597,0.0342963,-0.0402496
-0.016,0.00604779,0.00409817,-0.020228,0.00924827,0.0276798,-0.0335084
-0.00646,0.0115009,0.0084735,-0.0137227,0.00385881,0.017571,-0.0228042
-0.00278,0.0154333,0.0141549,-0.00533155,-0.00198074,0.00503866,-0.00944703
-0.0105,0.0175481,0.0204096,0.00436923,-0.0076794,-0.00849214,0.00496507
-0.016,0.0178996,0.0263191,0.0145565,-0.0127112,-0.0214089,0.0187271
-0.0191,0.0168756,0.0309484,0.0242006,-0.0166362,-0.0321057,0.0302218
-0.02,0.015103,0.0335143,0.0321837,-0.0190874,-0.0391803,0.0381111
-0.0192,0.0132985,0.033514,0.0374754,-0.0197506,-0.0416141,0.0415062
-0.0172,0.0120974,0.0307897,0.0393245,-0.0183683,-0.0389175,0.0400927
-0.0146,0.0119047,0.0255218,0.0374097,-0.0147859,-0.0312208,0.0341875
-0.0117,0.0128048,0.0181635,0.0319072,-0.0090326,-0.0192983,0.024707
-0.00846,0.0145508,0.00934369,0.0234539,-0.00140909,-0.00451392,0.0130366
-0.00492,0.0166339,-0.000231734,0.0130186,0.00745958,0.0113159,0.000812808
-0.000895,0.0184087,-0.00985705,0.00171741,0.0166421,0.0261405,-0.0103473
0.00366,0.0192374,-0.0188751,-0.0093775,0.0250042,0.0379566,-0.0191098
0.00859,0.0186148,-0.0267037,-0.0193893,0.0313832,0.0451135,-0.0246247
0.0135,0.0162471,-0.0328558,-0.027719,0.0347942,0.0465878,-0.0266214
0.0178,0.0120762,-0.0369687,-0.0340509,0.034617,0.0421685,-0.0253822
0.0208,0.00625885,-0.0388422,-0.0382938,0.0307146,0.0325099,-0.0216055
-0.0219,-0.000876403,-0.0384759,-0.0404859,0.0234558,0.0190337,-0.0161956
-0.0206,-0.00887266,-0.0360797,-0.0406969,0.0136404,0.00369416,-0.0100355
-0.017,-0.017177,-0.0320395,-0.0389572,0.00235038,-0.0113496,-0.00380317
-0.0114,-0.0251653,-0.0268337,-0.0352354,-0.00923475,-0.0240889,0.00211766
-0.00458,-0.0321736,-0.0209181,-0.0294714,-0.0200157,-0.0329745,0.00761512
-0.0025,-0.0375499,-0.0146184,-0.0216585,-0.0291104,-0.0371207,0.0127366
-0.00876,-0.0407304,-0.00807293,-0.0119497,-0.0359284,-0.0363735,0.017538
-0.0133,-0.0413258,-0.00125236,-0.0007537,-0.0401758,-0.0312407,0.0219566
-0.0156,-0.039191,0.00594268,0.0112184,-0.0418012,-0.0227158,0.0257525
-0.0155,-0.034453,0.0135429,0.0229846,-0.0409067,-0.012055,0.0285366
-0.0135,-0.0274845,0.0213843,0.0334094,-0.0376555,-0.000566552,0.0298651
-0.0104,-0.0188332,0.0290455,0.0413862,-0.0322101,0.0105493,0.0293654
-0.00691,-0.00913153,0.0358764,0.0460413,-0.0247239,0.0202978,0.0268506
-0.00405,0.000985142,0.0411119,0.0469035,-0.0153896,0.0279339,0.0223879
-0.00233,0.0109287,0.0440349,0.043992,-0.00452763,0.0329711,0.0163006
-0.00192,0.0201729,0.0441381,0.0377972,0.00732557,0.0351726,0.00910326
-0.00254,0.0282441,0.0412314,0.0291648,0.0193747,0.0345429,0.00139424
-0.00359,0.0347122,0.035471,0.0191218,0.0306045,0.0313218,-0.00625238
-0.00432,0.0392025,0.0273093,0.00869472,0.039908,0.0259739,-0.0133553
-0.0041,0.0414335,0.0173962,-0.00122993,0.0462793,0.0191551,-0.0195348
-0.00259,0.0412709,0.0064713,-0.00997985,0.0490157,0.0116396,-0.0244701
0.00013,0.0387721,-0.00471996,-0.0171049,0.0478694,0.00421007,-0.0278408
0.00356,0.0341981,-0.0154714,-0.0223429,0.0430969,-0.00247057,-0.0292903
0.00694,0.0279791,-0.0251279,-0.0255745,0.0353918,-0.00796922,-0.0284446
0.00946,0.0206402,-0.0330841,-0.0267943,0.0257228,-0.0121379,-0.0249919
0.0105,0.0127104,-0.0387918,-0.0261055,0.0151292,-0.0150932,-0.0188094
-0.0098,0.00464145,-0.0417905,-0.0237311,0.00453789,-0.0171235,-0.0101
-0.00762,-0.00323783,-0.0417628,-0.0200195,-0.00534715,-0.0185484,0.000509177
-0.0046,-0.0107214,-0.0386039,-0.0154292,-0.0140665,-0.019571,0.0119577
-0.00159,-0.0176833,-0.0324848,-0.0104838,-0.0213527,-0.0201678,0.0228631
-0.00056,-0.0240099,-0.0238867,-0.00570587,-0.0270443,-0.0200574,0.0317436
-0.00129,-0.0295323,-0.0135896,-0.00154479,-0.0310108,-0.018769,0.0373021
-0.000489,-0.0339824,-0.00260592,0.00168272,-0.0331203,-0.0157989,0.0386908
0.00146,-0.0369897,0.00793355,0.00382635,-0.0332562,-0.0108125,0.0356847
0.00378,-0.0381239,0.0169257,0.00490493,-0.0313706,-0.00382564,0.028716
0.00554,-0.0369778,0.0234488,0.00508081,-0.0275466,0.00469513,0.0187677
-0.00592,-0.0332736,0.0268952,0.00461454,-0.0220427,0.0138498,0.00715905
-0.00444,-0.0269707,0.0270597,0.00381103,-0.0153009,0.0224408,-0.00471753
-0.00113,-0.018345,0.0241643,0.00296782,-0.00791193,0.0291936,-0.0156391
-0.00349,-0.00801661,0.0188166,0.00233292,-0.00054778,0.0330089,-0.0247166
-0.00851,0.00309042,0.0119116,0.00207624,0.00612515,0.0331857,-0.0314456
-0.0129,0.0138565,0.00449394,0.00227607,0.0115333,0.0295611,-0.0356453
-0.0158,0.0231259,-0.00239328,0.00292035,0.0152692,0.0225313,-0.0373263
-0.0165,0.0298835,-0.00784982,0.00392095,0.0171391,0.0129514,-0.0365532
-0.015,0.0334144,-0.0112309,0.00513701,0.0171801,0.00194993,-0.0333629
-0.0115,0.0334111,-0.0122193,0.0064025,0.0156452,-0.00928393,-0.0277737
-0.00656,0.0300132,-0.0108516,0.00755221,0.0129576,-0.0196812,-0.0198778
-0.000975,0.023773,-0.00749949,0.00844203,0.00964268,-0.0283981,-0.0099711
0.00464,0.0155621,-0.00280877,0.00896153,0.00624745,-0.0348368,0.00134042
0.00978,0.00644153,0.00239754,0.00903928,0.00326124,-0.0386022,0.0131152
0.0141,-0.00248068,0.00724388,0.00864328,0.0010522,-0.0394409,0.0241567
0.0175,-0.0101806,0.0109384,0.00777887,-0.000171068,-0.0372047,0.0331896
0.0198,-0.0158269,0.0129,0.00648526,-0.000369029,-0.0318696,0.039088
0.0207,-0.0188625,0.0128532,0.00483072,0.00034467,-0.0236072,0.0410933
-0.02,-0.0190582,0.0108697,0.00290561,0.00173724,-0.012877,0.0389608
-0.0173,-0.0165368,0.00734656,0.000814226,0.00350051,-0.000493099,0.0329942
-0.0124,-0.0117634,0.00292113,-0.00133248,0.00529763,0.012384,0.0239643
-0.0054,-0.00549424,-0.00165712,-0.0034202,0.00680839,0.0243564,0.0129399
-0.0033,0.00131822,-0.0056706,-0.00532883,0.00776997,0.0339898,0.00108438
-0.0128,0.00765887,-0.00856043,-0.00692558,0.00801009,0.0400663,-0.0105259
-0.0219,0.0126045,-0.0100103,-0.0080588,0.0074677,0.0418213,-0.0210193
-0.0291,0.0154705,-0.00997207,-0.00855987,0.00619658,0.0390959,-0.0297641
-0.0333,0.0159159,-0.00863538,-0.00825892,0.00435029,0.0323593,-0.0363345
-0.0336,0.0139855,-0.00635927,-0.00701482,0.00215162,0.0225929,-0.0404438
-0.0299,0.0100813,-0.00358808,-0.00475494,-0.000146127,0.0110698,-0.0418895
-0.0226,0.00487377,-0.000772757,-0.00151513,-0.00229728,-0.000908273,-0.0405468
-0.013,-0.00082436,0.001688,0.00253133,-0.00409322,-0.012236,-0.0364132
-0.0025,-0.00619376,0.003483,0.00706524,-0.00537879,-0.0221295,-0.029673
0.00741,-0.0105287,0.00440659,0.0116391,-0.00605574,-0.0301357,-0.0207463
0.0155,-0.0133256,0.00436969,0.0157215,-0.00607669,-0.0360528,-0.0103035
